-- ---------------------------------------------------------------------------------------------------------------------
-- -------------------------------------            POPULATE DATABASE             --------------------------------------
-- ---------------------------------------------------------------------------------------------------------------------




-- ---------------------            AUTHOR TABLE             ---------------------

-- table structure: author_id, first_name, last_name
ALTER TABLE author AUTO_INCREMENT=1000000;

INSERT INTO author VALUES(default, 'Stephen', 'King');
INSERT INTO author VALUES(default, 'Charles', 'Dickens');
INSERT INTO author VALUES(default, 'Cristopher', 'Paolini');
INSERT INTO author VALUES(default, 'Freida', 'Mcfadden');
INSERT INTO author VALUES(default, 'Dan', 'Brown');
INSERT INTO author VALUES(default, 'Isaac', 'Asimov');
INSERT INTO author VALUES(default, 'J.R.R.', 'Tolkien');
INSERT INTO author VALUES(default, 'G.R.R.', 'Martin');
INSERT INTO author VALUES(default, 'Neil', 'Gaiman');
INSERT INTO author VALUES(default, 'Agatha', 'Christie');
INSERT INTO author VALUES(default, 'Julia', 'Quinn');
INSERT INTO author VALUES(default, 'J.K.', 'Rowling');
INSERT INTO author VALUES(default, 'William', 'Shakespeare');
INSERT INTO author VALUES(default, 'Al', 'Sweigart');
INSERT INTO author VALUES(default, 'Barbra', 'Streisand');
INSERT INTO author VALUES(default, 'Viola', 'Davis');



-- ---------------------            GENRE TABLE             ---------------------

-- table structure: genre_id, name
ALTER TABLE genre AUTO_INCREMENT=1000;

INSERT INTO genre VALUES(default, 'horror');
INSERT INTO genre VALUES(default, 'psychological');
INSERT INTO genre VALUES(default, 'classic literature');
INSERT INTO genre VALUES(default, 'young adult');
INSERT INTO genre VALUES(default, 'science fiction');
INSERT INTO genre VALUES(default, 'mystery');
INSERT INTO genre VALUES(default, 'thriller');
INSERT INTO genre VALUES(default, 'fantasy');
INSERT INTO genre VALUES(default, 'contemporary fiction');
INSERT INTO genre VALUES(default, 'children');
INSERT INTO genre VALUES(default, 'romance');
INSERT INTO genre VALUES(default, 'software development');
INSERT INTO genre VALUES(default, 'children programming book');
INSERT INTO genre VALUES(default, 'memoir');
INSERT INTO genre VALUES(default, 'gothic');
INSERT INTO genre VALUES(default, 'alternative history');
INSERT INTO genre VALUES(default, 'suspense');
INSERT INTO genre VALUES(default, 'adventure');
INSERT INTO genre VALUES(default, 'murder');
INSERT INTO genre VALUES(default, 'regency');
INSERT INTO genre VALUES(default, 'drama plays');
INSERT INTO genre VALUES(default, 'biography');
INSERT INTO genre VALUES(default, 'action');
INSERT INTO genre VALUES(default, 'epic fantasy');
INSERT INTO genre VALUES(default, 'graphic novels');
INSERT INTO genre VALUES(default, 'magic');



-- ---------------------            EDITION TABLE             ---------------------

-- table structure: edition_id, name, publishing_year
ALTER TABLE edition AUTO_INCREMENT=100000;

INSERT INTO edition VALUES(default, 'Reprint2008', '2008');
INSERT INTO edition VALUES(default, 'Media Tie-In2016', '2016');
INSERT INTO edition VALUES(default, 'Illustrated2011', '2011');
INSERT INTO edition VALUES(default, 'Reissue2016', '2016');
INSERT INTO edition VALUES(default, 'Classicbook2015', '2015');
INSERT INTO edition VALUES(default, 'Revised Edition2014', '2014');
INSERT INTO edition VALUES(default, 'Penguin Classics2013', '2013');
INSERT INTO edition VALUES(default, 'Knopf Books For Young Readers2003', '2003');
INSERT INTO edition VALUES(default, '1st Corgi Edition2009', '2009');
INSERT INTO edition VALUES(default, '1st Edition2008', '2008');
INSERT INTO edition VALUES(default, '1st Edition2011', '2011');
INSERT INTO edition VALUES(default, 'Penguin2010', '2010');
INSERT INTO edition VALUES(default, 'Illustrated Edition2007', '2007');
INSERT INTO edition VALUES(default, 'Bookouture2010', '2010');
INSERT INTO edition VALUES(default, 'Bookouture2011', '2011');
INSERT INTO edition VALUES(default, 'Hollywood Upstairs Press2017', '2017');
INSERT INTO edition VALUES(default, 'Hollywood Upstairs Press2013', '2013');
INSERT INTO edition VALUES(default, '1st Edition2003', '2003');
INSERT INTO edition VALUES(default, 'Reissue Edition2005', '2005');
INSERT INTO edition VALUES(default, 'Reissue Edition2002', '2002');
INSERT INTO edition VALUES(default, '2nd Edition2007', '2007');
INSERT INTO edition VALUES(default, 'Revised Edition2004', '2004');
INSERT INTO edition VALUES(default, 'Reissue Edition2012', '2012');
INSERT INTO edition VALUES(default, 'William Morrow2012', '2012');
INSERT INTO edition VALUES(default, 'Bantam2003', '2003');
INSERT INTO edition VALUES(default, 'Bantam2005', '2005');
INSERT INTO edition VALUES(default, 'Bantam2015', '2015');
INSERT INTO edition VALUES(default, 'Bantam2014', '2014');
INSERT INTO edition VALUES(default, 'William Morrow2009', '2009');
INSERT INTO edition VALUES(default, 'Reprint, Anniversary Edition2012', '2012');
INSERT INTO edition VALUES(default, 'Harpercollins2008', '2008');
INSERT INTO edition VALUES(default, 'Vertigo Illustrated Edition2014', '2014');
INSERT INTO edition VALUES(default, 'William Morrow2015', '2015');
INSERT INTO edition VALUES(default, 'Reprint Edition2004', '2004');
INSERT INTO edition VALUES(default, 'Reprint Edition2014', '2014');
INSERT INTO edition VALUES(default, 'Pottermore2015', '2015');
INSERT INTO edition VALUES(default, 'Grapevine2012', '2012');
INSERT INTO edition VALUES(default, '2nd Edition2015', '2015');
INSERT INTO edition VALUES(default, '1st Edition2017', '2017');
INSERT INTO edition VALUES(default, '1st Edition2015', '2015');





-- ---------------------            BOOK TABLE             ---------------------

-- table structure: book_id, title, isbn, file_size_mb, edition_id
ALTER TABLE book AUTO_INCREMENT=20000000;

INSERT INTO book VALUES(default, 'Salem_s Lot', '978-0593470190', 3, 100000);
INSERT INTO book VALUES(default, 'IT', '978-1501142970', 11, 100001);
INSERT INTO book VALUES(default, '11/22/63: A Novel', '978-1451627299', 136, 100002);
INSERT INTO book VALUES(default, 'Gerald_s Game', '978-1501144202', 4, 100003);
INSERT INTO book VALUES(default, 'Pet Sematary', '978-1982115982', 2, 100001);
INSERT INTO book VALUES(default, 'A Tale of Two Cities', '979-8858290223', 4, 100004);
INSERT INTO book VALUES(default, 'Great Expectations', '978-0785841708', 3, 100004);
INSERT INTO book VALUES(default, 'Bleak House', '978-1912464333', 4, 100004);
INSERT INTO book VALUES(default, 'David Copperfield', '978-0140439441', 2, 100005);
INSERT INTO book VALUES(default, 'Oliver Twist', '978-0141439747', 2, 100006);
INSERT INTO book VALUES(default, 'Eragon: Book I', '978-0375826689', 9, 100007);
INSERT INTO book VALUES(default, 'Eragon: Book II', '978-0375826702', 8, 100008);
INSERT INTO book VALUES(default, 'Eragon: Book III', '978-0375826726', 8, 100009);
INSERT INTO book VALUES(default, 'Eragon: Book IV', '978-0375856112', 8, 100010);
INSERT INTO book VALUES(default, 'Eragon: Book V', '978-0593650868', 21, 100011);
INSERT INTO book VALUES(default, 'To Sleep in a Sea of Stars', '978-1250762849', 19, 100012);
INSERT INTO book VALUES(default, 'The Housemaid', '978-1538742570', 3, 100013);
INSERT INTO book VALUES(default, 'The Housemaid_s Secret', '978-0349132617', 3, 100014);
INSERT INTO book VALUES(default, 'The Locked Door', '978-1728296180', 3, 100013);
INSERT INTO book VALUES(default, 'Ward D', '979-8386054502', 3, 100015);
INSERT INTO book VALUES(default, 'Do Not Disturb', '979-8474673417', 2, 100016);
INSERT INTO book VALUES(default, 'The Da Vinci Code', '978-5550155189', 6, 100017);
INSERT INTO book VALUES(default, 'Angels & Demons', '978-0743486224', 3, 100018);
INSERT INTO book VALUES(default, 'Deception Point', '978-0743490306', 3, 100019);
INSERT INTO book VALUES(default, 'Digital Fortress', '978-0312263126', 2, 100020);
INSERT INTO book VALUES(default, 'Foundation 1', '978-0808520788', 3, 100021);
INSERT INTO book VALUES(default, 'Foundation and Empire', '978-0385423038', 5, 100021);
INSERT INTO book VALUES(default, 'Second Foundation', '978-1439504550', 3, 100021);
INSERT INTO book VALUES(default, 'Foundation_s Edge', '978-0808522034', 3, 100022);
INSERT INTO book VALUES(default, 'Foundation and Earth', '978-1439507223', 15, 100022);
INSERT INTO book VALUES(default, 'Prelude to Foundation', '978-0833533074', 9, 100022);
INSERT INTO book VALUES(default, 'Forward the Foundation', '978-0385247931', 8, 100022);
INSERT INTO book VALUES(default, 'The Lord of the Rings Illustrated', '978-0358653035', 25, 100023);
INSERT INTO book VALUES(default, 'The Silmarillion', '978-0618135042', 6, 100022);
INSERT INTO book VALUES(default, 'The Children Of Hurin', '978-0618894642', 6, 100022);
INSERT INTO book VALUES(default, 'The Hobbit Illustrated', '978-0063347533', 10, 100023);
INSERT INTO book VALUES(default, 'A Game of Thrones', '978-0553103540', 6, 100024);
INSERT INTO book VALUES(default, 'A Clash of Kings', '978-0008363741', 6, 100024);
INSERT INTO book VALUES(default, 'A Storm of Swords', '978-0553106633', 6, 100024);
INSERT INTO book VALUES(default, 'A Feast for Crows', '978-0553801507', 6, 100025);
INSERT INTO book VALUES(default, 'A Dance with Dragons', '978-0553801477', 6, 100010);
INSERT INTO book VALUES(default, 'A Knight of the Seven Kingdoms', '978-0345533487', 131, 100026);
INSERT INTO book VALUES(default, 'The World of Ice & Fire: The Untold History of Westeros and the Game of Thrones', '978-0553805444', 213, 100027);
INSERT INTO book VALUES(default, 'Neverwhere', '978-0062821331', 2, 100028);
INSERT INTO book VALUES(default, 'Coraline 10th Anniversary Edition', '978-0380977789', 6, 100029);
INSERT INTO book VALUES(default, 'The Graveyard Book', '978-0060530945', 2, 100030);
INSERT INTO book VALUES(default, 'The Sandman: Book One', '978-1779515179', 2600, 100031);
INSERT INTO book VALUES(default, 'The Sandman: Book Two', '978-1779516435', 2640, 100031);
INSERT INTO book VALUES(default, 'The Sandman: Book Three', '978-1779516442', 485, 100031);
INSERT INTO book VALUES(default, 'The Sandman: Book Four', '978-1401285814', 606, 100031);
INSERT INTO book VALUES(default, 'The Sandman: Book Five', '978-1401288075', 551, 100031);
INSERT INTO book VALUES(default, 'The Murder of Roger Ackroyd', '979-8867148485', 2, 100032);
INSERT INTO book VALUES(default, 'Murder on the Orient-Express', '978-0062838629', 2, 100032);
INSERT INTO book VALUES(default, 'And Then There Were None', '978-0008328924', 6, 100032);
INSERT INTO book VALUES(default, 'The Mysterious Affair at Styles', '978-9354993084', 7, 100032);
INSERT INTO book VALUES(default, 'Curtain: Poirot_s Last Case', '978-0062573346', 5, 100033);
INSERT INTO book VALUES(default, 'The Mirror Crack_d from Side to Side', '978-0008611989', 7, 100032);
INSERT INTO book VALUES(default, 'The Labors of Hercules', '978-1017283693', 2, 100032);
INSERT INTO book VALUES(default, 'Death on the Nile', '978-7100173605', 6, 100032);
INSERT INTO book VALUES(default, 'The Duke and I', '978-0063142121', 5, 100034);
INSERT INTO book VALUES(default, 'The Viscount Who Loved Me', '978-0063141322', 7, 100034);
INSERT INTO book VALUES(default, 'An Offer From a Gentleman', '978-0063141339', 2, 100034);
INSERT INTO book VALUES(default, 'Romancing Mister Bridgerton', '978-0063141353', 6, 100034);
INSERT INTO book VALUES(default, 'To Sir Phillip, With Love', '978-0063141346', 2, 100034);
INSERT INTO book VALUES(default, 'Harry Potter and the Philosopher_s Stone', '978-0590353403', 4, 100035);
INSERT INTO book VALUES(default, 'Harry Potter and the Chamber of Secrets', '978-0747560722', 5, 100035);
INSERT INTO book VALUES(default, 'Harry Potter and the Prisoner of Azkaban', '978-0439136358', 5, 100035);
INSERT INTO book VALUES(default, 'Harry Potter and the Goblet of Fire', '978-0439139595', 5, 100035);
INSERT INTO book VALUES(default, 'Harry Potter and the Order of the Phoenix', '978-0439358064', 4, 100035);
INSERT INTO book VALUES(default, 'Harry Potter and the Half-Blood Prince', '978-0439784542', 4, 100035);
INSERT INTO book VALUES(default, 'Harry Potter and the Deathly Hallows', '978-0545010221', 7, 100035);
INSERT INTO book VALUES(default, 'Hamlet', '978-1912464319', 1, 100036);
INSERT INTO book VALUES(default, 'Macbeth', '978-0606380058', 1, 100036);
INSERT INTO book VALUES(default, 'A Midsummer Night_s Dream', '979-8860644205', 1, 100036);
INSERT INTO book VALUES(default, 'Much Ado About Nothing', '978-0486282725', 2, 100036);
INSERT INTO book VALUES(default, 'Automate the Boring Stuff with Python', '978-1593279929', 26, 100037);
INSERT INTO book VALUES(default, 'Coding with Minecraft', '978-1593278533', 21, 100038);
INSERT INTO book VALUES(default, 'My Name Is Barbra', '978-0525429524', 105, 100038);
INSERT INTO book VALUES(default, 'Finding Me: A Memoir', '978-0063037366', 11, 100039);



-- ---------------------            BOOKAUTHOR TABLE             ---------------------

-- table structure: book_id, author_id

INSERT INTO bookAuthor VALUES(20000000, 1000000);
INSERT INTO bookAuthor VALUES(20000001, 1000000);
INSERT INTO bookAuthor VALUES(20000002, 1000000);
INSERT INTO bookAuthor VALUES(20000003, 1000000);
INSERT INTO bookAuthor VALUES(20000004, 1000000);
INSERT INTO bookAuthor VALUES(20000005, 1000001);
INSERT INTO bookAuthor VALUES(20000006, 1000001);
INSERT INTO bookAuthor VALUES(20000007, 1000001);
INSERT INTO bookAuthor VALUES(20000008, 1000001);
INSERT INTO bookAuthor VALUES(20000009, 1000001);
INSERT INTO bookAuthor VALUES(20000010, 1000002);
INSERT INTO bookAuthor VALUES(20000011, 1000002);
INSERT INTO bookAuthor VALUES(20000012, 1000002);
INSERT INTO bookAuthor VALUES(20000013, 1000002);
INSERT INTO bookAuthor VALUES(20000014, 1000002);
INSERT INTO bookAuthor VALUES(20000015, 1000002);
INSERT INTO bookAuthor VALUES(20000016, 1000003);
INSERT INTO bookAuthor VALUES(20000017, 1000003);
INSERT INTO bookAuthor VALUES(20000018, 1000003);
INSERT INTO bookAuthor VALUES(20000019, 1000003);
INSERT INTO bookAuthor VALUES(20000020, 1000003);
INSERT INTO bookAuthor VALUES(20000021, 1000004);
INSERT INTO bookAuthor VALUES(20000022, 1000004);
INSERT INTO bookAuthor VALUES(20000023, 1000004);
INSERT INTO bookAuthor VALUES(20000024, 1000004);
INSERT INTO bookAuthor VALUES(20000025, 1000005);
INSERT INTO bookAuthor VALUES(20000026, 1000005);
INSERT INTO bookAuthor VALUES(20000027, 1000005);
INSERT INTO bookAuthor VALUES(20000028, 1000005);
INSERT INTO bookAuthor VALUES(20000029, 1000005);
INSERT INTO bookAuthor VALUES(20000030, 1000005);
INSERT INTO bookAuthor VALUES(20000031, 1000005);
INSERT INTO bookAuthor VALUES(20000032, 1000006);
INSERT INTO bookAuthor VALUES(20000033, 1000006);
INSERT INTO bookAuthor VALUES(20000034, 1000006);
INSERT INTO bookAuthor VALUES(20000035, 1000006);
INSERT INTO bookAuthor VALUES(20000036, 1000007);
INSERT INTO bookAuthor VALUES(20000037, 1000007);
INSERT INTO bookAuthor VALUES(20000038, 1000007);
INSERT INTO bookAuthor VALUES(20000039, 1000007);
INSERT INTO bookAuthor VALUES(20000040, 1000007);
INSERT INTO bookAuthor VALUES(20000041, 1000007);
INSERT INTO bookAuthor VALUES(20000042, 1000007);
INSERT INTO bookAuthor VALUES(20000043, 1000008);
INSERT INTO bookAuthor VALUES(20000044, 1000008);
INSERT INTO bookAuthor VALUES(20000045, 1000008);
INSERT INTO bookAuthor VALUES(20000046, 1000008);
INSERT INTO bookAuthor VALUES(20000047, 1000008);
INSERT INTO bookAuthor VALUES(20000048, 1000008);
INSERT INTO bookAuthor VALUES(20000049, 1000008);
INSERT INTO bookAuthor VALUES(20000050, 1000008);
INSERT INTO bookAuthor VALUES(20000051, 1000009);
INSERT INTO bookAuthor VALUES(20000052, 1000009);
INSERT INTO bookAuthor VALUES(20000053, 1000009);
INSERT INTO bookAuthor VALUES(20000054, 1000009);
INSERT INTO bookAuthor VALUES(20000055, 1000009);
INSERT INTO bookAuthor VALUES(20000056, 1000009);
INSERT INTO bookAuthor VALUES(20000057, 1000009);
INSERT INTO bookAuthor VALUES(20000058, 1000009);
INSERT INTO bookAuthor VALUES(20000059, 1000010);
INSERT INTO bookAuthor VALUES(20000060, 1000010);
INSERT INTO bookAuthor VALUES(20000061, 1000010);
INSERT INTO bookAuthor VALUES(20000062, 1000010);
INSERT INTO bookAuthor VALUES(20000063, 1000010);
INSERT INTO bookAuthor VALUES(20000064, 1000011);
INSERT INTO bookAuthor VALUES(20000065, 1000011);
INSERT INTO bookAuthor VALUES(20000066, 1000011);
INSERT INTO bookAuthor VALUES(20000067, 1000011);
INSERT INTO bookAuthor VALUES(20000068, 1000011);
INSERT INTO bookAuthor VALUES(20000069, 1000011);
INSERT INTO bookAuthor VALUES(20000070, 1000011);
INSERT INTO bookAuthor VALUES(20000071, 1000012);
INSERT INTO bookAuthor VALUES(20000072, 1000012);
INSERT INTO bookAuthor VALUES(20000073, 1000012);
INSERT INTO bookAuthor VALUES(20000074, 1000012);
INSERT INTO bookAuthor VALUES(20000075, 1000013);
INSERT INTO bookAuthor VALUES(20000076, 1000013);
INSERT INTO bookAuthor VALUES(20000077, 1000014);
INSERT INTO bookAuthor VALUES(20000078, 1000015);


-- ---------------------            BOOKGENRE TABLE             ---------------------

-- table structure: book_id, genre_id

INSERT INTO bookGenre VALUES(20000000, 1000);
INSERT INTO bookGenre VALUES(20000000, 1014);
INSERT INTO bookGenre VALUES(20000001, 1000);
INSERT INTO bookGenre VALUES(20000002, 1000);
INSERT INTO bookGenre VALUES(20000002, 1015);
INSERT INTO bookGenre VALUES(20000003, 1001);
INSERT INTO bookGenre VALUES(20000003, 1006);
INSERT INTO bookGenre VALUES(20000004, 1000);
INSERT INTO bookGenre VALUES(20000004, 1016);
INSERT INTO bookGenre VALUES(20000005, 1002);
INSERT INTO bookGenre VALUES(20000006, 1002);
INSERT INTO bookGenre VALUES(20000006, 1010);
INSERT INTO bookGenre VALUES(20000006, 1014);
INSERT INTO bookGenre VALUES(20000007, 1002);
INSERT INTO bookGenre VALUES(20000007, 1010);
INSERT INTO bookGenre VALUES(20000008, 1002);
INSERT INTO bookGenre VALUES(20000009, 1002);
INSERT INTO bookGenre VALUES(20000010, 1003);
INSERT INTO bookGenre VALUES(20000010, 1007);
INSERT INTO bookGenre VALUES(20000010, 1017);
INSERT INTO bookGenre VALUES(20000011, 1003);
INSERT INTO bookGenre VALUES(20000011, 1007);
INSERT INTO bookGenre VALUES(20000011, 1017);
INSERT INTO bookGenre VALUES(20000012, 1003);
INSERT INTO bookGenre VALUES(20000012, 1007);
INSERT INTO bookGenre VALUES(20000012, 1017);
INSERT INTO bookGenre VALUES(20000013, 1003);
INSERT INTO bookGenre VALUES(20000013, 1007);
INSERT INTO bookGenre VALUES(20000013, 1017);
INSERT INTO bookGenre VALUES(20000014, 1003);
INSERT INTO bookGenre VALUES(20000014, 1007);
INSERT INTO bookGenre VALUES(20000014, 1017);
INSERT INTO bookGenre VALUES(20000015, 1004);
INSERT INTO bookGenre VALUES(20000016, 1001);
INSERT INTO bookGenre VALUES(20000016, 1016);
INSERT INTO bookGenre VALUES(20000016, 1006);
INSERT INTO bookGenre VALUES(20000017, 1001);
INSERT INTO bookGenre VALUES(20000017, 1016);
INSERT INTO bookGenre VALUES(20000017, 1006);
INSERT INTO bookGenre VALUES(20000018, 1001);
INSERT INTO bookGenre VALUES(20000018, 1016);
INSERT INTO bookGenre VALUES(20000018, 1006);
INSERT INTO bookGenre VALUES(20000019, 1001);
INSERT INTO bookGenre VALUES(20000019, 1016);
INSERT INTO bookGenre VALUES(20000019, 1006);
INSERT INTO bookGenre VALUES(20000020, 1001);
INSERT INTO bookGenre VALUES(20000020, 1016);
INSERT INTO bookGenre VALUES(20000020, 1006);
INSERT INTO bookGenre VALUES(20000021, 1005);
INSERT INTO bookGenre VALUES(20000022, 1006);
INSERT INTO bookGenre VALUES(20000023, 1006);
INSERT INTO bookGenre VALUES(20000023, 1016);
INSERT INTO bookGenre VALUES(20000023, 1022);
INSERT INTO bookGenre VALUES(20000024, 1006);
INSERT INTO bookGenre VALUES(20000024, 1016);
INSERT INTO bookGenre VALUES(20000025, 1004);
INSERT INTO bookGenre VALUES(20000026, 1004);
INSERT INTO bookGenre VALUES(20000027, 1004);
INSERT INTO bookGenre VALUES(20000028, 1004);
INSERT INTO bookGenre VALUES(20000029, 1004);
INSERT INTO bookGenre VALUES(20000030, 1004);
INSERT INTO bookGenre VALUES(20000031, 1004);
INSERT INTO bookGenre VALUES(20000032, 1007);
INSERT INTO bookGenre VALUES(20000032, 1017);
INSERT INTO bookGenre VALUES(20000033, 1007);
INSERT INTO bookGenre VALUES(20000033, 1017);
INSERT INTO bookGenre VALUES(20000034, 1007);
INSERT INTO bookGenre VALUES(20000034, 1017);
INSERT INTO bookGenre VALUES(20000035, 1007);
INSERT INTO bookGenre VALUES(20000035, 1017);
INSERT INTO bookGenre VALUES(20000036, 1007);
INSERT INTO bookGenre VALUES(20000036, 1017);
INSERT INTO bookGenre VALUES(20000036, 1023);
INSERT INTO bookGenre VALUES(20000037, 1007);
INSERT INTO bookGenre VALUES(20000037, 1017);
INSERT INTO bookGenre VALUES(20000037, 1023);
INSERT INTO bookGenre VALUES(20000038, 1007);
INSERT INTO bookGenre VALUES(20000038, 1017);
INSERT INTO bookGenre VALUES(20000038, 1023);
INSERT INTO bookGenre VALUES(20000039, 1007);
INSERT INTO bookGenre VALUES(20000039, 1017);
INSERT INTO bookGenre VALUES(20000039, 1023);
INSERT INTO bookGenre VALUES(20000040, 1007);
INSERT INTO bookGenre VALUES(20000040, 1017);
INSERT INTO bookGenre VALUES(20000040, 1023);
INSERT INTO bookGenre VALUES(20000041, 1007);
INSERT INTO bookGenre VALUES(20000041, 1017);
INSERT INTO bookGenre VALUES(20000041, 1005);
INSERT INTO bookGenre VALUES(20000042, 1007);
INSERT INTO bookGenre VALUES(20000042, 1017);
INSERT INTO bookGenre VALUES(20000042, 1023);
INSERT INTO bookGenre VALUES(20000043, 1008);
INSERT INTO bookGenre VALUES(20000043, 1007);
INSERT INTO bookGenre VALUES(20000044, 1009);
INSERT INTO bookGenre VALUES(20000044, 1007);
INSERT INTO bookGenre VALUES(20000045, 1009);
INSERT INTO bookGenre VALUES(20000045, 1007);
INSERT INTO bookGenre VALUES(20000046, 1007);
INSERT INTO bookGenre VALUES(20000046, 1000);
INSERT INTO bookGenre VALUES(20000046, 1024);
INSERT INTO bookGenre VALUES(20000047, 1007);
INSERT INTO bookGenre VALUES(20000047, 1000);
INSERT INTO bookGenre VALUES(20000047, 1024);
INSERT INTO bookGenre VALUES(20000048, 1007);
INSERT INTO bookGenre VALUES(20000048, 1000);
INSERT INTO bookGenre VALUES(20000048, 1024);
INSERT INTO bookGenre VALUES(20000049, 1007);
INSERT INTO bookGenre VALUES(20000049, 1000);
INSERT INTO bookGenre VALUES(20000049, 1024);
INSERT INTO bookGenre VALUES(20000050, 1007);
INSERT INTO bookGenre VALUES(20000050, 1000);
INSERT INTO bookGenre VALUES(20000050, 1024);
INSERT INTO bookGenre VALUES(20000051, 1005);
INSERT INTO bookGenre VALUES(20000051, 1018);
INSERT INTO bookGenre VALUES(20000052, 1005);
INSERT INTO bookGenre VALUES(20000052, 1018);
INSERT INTO bookGenre VALUES(20000053, 1005);
INSERT INTO bookGenre VALUES(20000053, 1018);
INSERT INTO bookGenre VALUES(20000054, 1005);
INSERT INTO bookGenre VALUES(20000054, 1018);
INSERT INTO bookGenre VALUES(20000055, 1005);
INSERT INTO bookGenre VALUES(20000055, 1018);
INSERT INTO bookGenre VALUES(20000055, 1001);
INSERT INTO bookGenre VALUES(20000056, 1005);
INSERT INTO bookGenre VALUES(20000056, 1018);
INSERT INTO bookGenre VALUES(20000057, 1005);
INSERT INTO bookGenre VALUES(20000057, 1018);
INSERT INTO bookGenre VALUES(20000058, 1005);
INSERT INTO bookGenre VALUES(20000058, 1018);
INSERT INTO bookGenre VALUES(20000059, 1010);
INSERT INTO bookGenre VALUES(20000059, 1019);
INSERT INTO bookGenre VALUES(20000059, 1007);
INSERT INTO bookGenre VALUES(20000060, 1010);
INSERT INTO bookGenre VALUES(20000060, 1019);
INSERT INTO bookGenre VALUES(20000060, 1007);
INSERT INTO bookGenre VALUES(20000061, 1010);
INSERT INTO bookGenre VALUES(20000061, 1019);
INSERT INTO bookGenre VALUES(20000061, 1007);
INSERT INTO bookGenre VALUES(20000062, 1010);
INSERT INTO bookGenre VALUES(20000062, 1019);
INSERT INTO bookGenre VALUES(20000062, 1007);
INSERT INTO bookGenre VALUES(20000063, 1010);
INSERT INTO bookGenre VALUES(20000063, 1019);
INSERT INTO bookGenre VALUES(20000063, 1007);
INSERT INTO bookGenre VALUES(20000064, 1003);
INSERT INTO bookGenre VALUES(20000064, 1007);
INSERT INTO bookGenre VALUES(20000064, 1025);
INSERT INTO bookGenre VALUES(20000065, 1003);
INSERT INTO bookGenre VALUES(20000065, 1007);
INSERT INTO bookGenre VALUES(20000065, 1025);
INSERT INTO bookGenre VALUES(20000066, 1003);
INSERT INTO bookGenre VALUES(20000066, 1007);
INSERT INTO bookGenre VALUES(20000066, 1025);
INSERT INTO bookGenre VALUES(20000067, 1003);
INSERT INTO bookGenre VALUES(20000067, 1007);
INSERT INTO bookGenre VALUES(20000067, 1025);
INSERT INTO bookGenre VALUES(20000068, 1003);
INSERT INTO bookGenre VALUES(20000068, 1007);
INSERT INTO bookGenre VALUES(20000068, 1025);
INSERT INTO bookGenre VALUES(20000069, 1003);
INSERT INTO bookGenre VALUES(20000069, 1007);
INSERT INTO bookGenre VALUES(20000069, 1025);
INSERT INTO bookGenre VALUES(20000070, 1003);
INSERT INTO bookGenre VALUES(20000070, 1007);
INSERT INTO bookGenre VALUES(20000070, 1025);
INSERT INTO bookGenre VALUES(20000071, 1002);
INSERT INTO bookGenre VALUES(20000071, 1020);
INSERT INTO bookGenre VALUES(20000072, 1002);
INSERT INTO bookGenre VALUES(20000072, 1020);
INSERT INTO bookGenre VALUES(20000073, 1002);
INSERT INTO bookGenre VALUES(20000073, 1020);
INSERT INTO bookGenre VALUES(20000074, 1002);
INSERT INTO bookGenre VALUES(20000074, 1020);
INSERT INTO bookGenre VALUES(20000075, 1011);
INSERT INTO bookGenre VALUES(20000076, 1012);
INSERT INTO bookGenre VALUES(20000077, 1013);
INSERT INTO bookGenre VALUES(20000077, 1021);
INSERT INTO bookGenre VALUES(20000078, 1013);
INSERT INTO bookGenre VALUES(20000078, 1021);



-- ---------------------            EMPLOYEE TABLE             ---------------------

-- table structure: employee_id, first_name, last_name, gender, birth_date, hire_date, country,	city, post_code
ALTER TABLE employee AUTO_INCREMENT=2000;

INSERT INTO employee VALUES(default, 'Paris', 'Brennan', 'Male', '1974-09-04', '2017-04-10', 'UK', 'London', '654469');
INSERT INTO employee VALUES(default, 'Adriel', 'Berry', 'Female', '2000-11-15', '2017-08-07', 'UK', 'Glasgow', '673150');
INSERT INTO employee VALUES(default, 'Sanaa', 'Garza', 'Female', '1983-05-03', '2017-10-07', 'UK', 'Glasgow', '690130');
INSERT INTO employee VALUES(default, 'Charlie', 'Peters', 'Male', '1971-12-19', '2017-10-12', 'UK', 'Cardiff', '687894');
INSERT INTO employee VALUES(default, 'Harper', 'Warren', 'Male', '1983-11-05', '2018-01-12', 'UK', 'London', '674239');
INSERT INTO employee VALUES(default, 'Khalil', 'Allen', 'Male', '1988-07-19', '2018-03-12', 'UK', 'Cardiff', '656740');
INSERT INTO employee VALUES(default, 'Matilda', 'Hines', 'Female', '1977-11-24', '2018-03-14', 'UK', 'Cardiff', '672348');
INSERT INTO employee VALUES(default, 'Joanne', 'Atkinson', 'Female', '1986-08-16', '2018-04-03', 'UK', 'London', '685548');
INSERT INTO employee VALUES(default, 'Dianna', 'Hayes', 'Female', '1977-11-11', '2018-05-07', 'UK', 'Cardiff', '646527');
INSERT INTO employee VALUES(default, 'Kramer', 'Zuniga', 'Male', '1991-08-07', '2018-06-16', 'UK', 'Glasgow', '637570');
INSERT INTO employee VALUES(default, 'Maliki', 'Shields', 'Male', '1994-10-17', '2018-08-25', 'UK', 'Cardiff', '668900');
INSERT INTO employee VALUES(default, 'Nader', 'Mays', 'Male', '1993-01-16', '2018-09-15', 'UK', 'Cardiff', '623031');
INSERT INTO employee VALUES(default, 'Quinn', 'Bailey', 'Male', '1999-03-16', '2018-10-03', 'UK', 'London', '624487');
INSERT INTO employee VALUES(default, 'Marilyn', 'Fleming', 'Female', '1986-04-03', '2018-10-15', 'UK', 'Glasgow', '694497');
INSERT INTO employee VALUES(default, 'Jennifer', 'Hudson', 'Female', '1977-11-02', '2018-10-16', 'UK', 'London', '637125');
INSERT INTO employee VALUES(default, 'Anna', 'Lane', 'Female', '1997-06-24', '2019-04-01', 'UK', 'Cardiff', '678015');
INSERT INTO employee VALUES(default, 'George', 'Wallace', 'Male', '1976-07-08', '2019-04-24', 'UK', 'Cardiff', '689682');
INSERT INTO employee VALUES(default, 'Angela', 'Gaines', 'Female', '1990-09-21', '2019-04-24', 'UK', 'Cardiff', '636934');
INSERT INTO employee VALUES(default, 'Constance', 'Jimenez', 'Female', '1982-11-25', '2019-05-01', 'UK', 'Glasgow', '635183');
INSERT INTO employee VALUES(default, 'Ross', 'Figueroa', 'Male', '1971-06-09', '2019-05-15', 'UK', 'London', '627331');
INSERT INTO employee VALUES(default, 'Augustus', 'Wells', 'Male', '1973-12-16', '2019-06-10', 'UK', 'London', '668760');
INSERT INTO employee VALUES(default, 'Gracelyn', 'Deleon', 'Female', '1989-12-05', '2019-06-24', 'UK', 'Cardiff', '625080');
INSERT INTO employee VALUES(default, 'Orlando', 'Church', 'Female', '1972-07-25', '2019-07-10', 'UK', 'Cardiff', '616518');
INSERT INTO employee VALUES(default, 'Edward', 'Ruiz', 'Female', '1981-05-01', '2019-07-16', 'UK', 'Cardiff', '632877');
INSERT INTO employee VALUES(default, 'Quinn', 'Bray', 'Male', '1983-12-07', '2019-07-18', 'UK', 'Glasgow', '644013');
INSERT INTO employee VALUES(default, 'Dominik', 'Gates', 'Male', '1990-11-08', '2019-08-12', 'UK', 'Cardiff', '675971');
INSERT INTO employee VALUES(default, 'Adil', 'Rollins', 'Male', '1993-06-24', '2019-08-19', 'UK', 'Cardiff', '624432');
INSERT INTO employee VALUES(default, 'Barbara', 'Haley', 'Female', '1995-06-06', '2019-10-01', 'UK', 'Cardiff', '693428');
INSERT INTO employee VALUES(default, 'Carla', 'Lloyd', 'Female', '1988-04-01', '2019-11-04', 'UK', 'Glasgow', '658512');
INSERT INTO employee VALUES(default, 'Francesco A', 'York', 'Male', '1998-12-12', '2019-11-18', 'UK', 'London', '690396');
INSERT INTO employee VALUES(default, 'Colleen', 'Carey', 'Female', '1977-04-05', '2019-12-04', 'UK', 'Cardiff', '674346');
INSERT INTO employee VALUES(default, 'Jean', 'Tate', 'Male', '1986-04-17', '2019-12-10', 'UK', 'Cardiff', '681571');
INSERT INTO employee VALUES(default, 'Neveah', 'Schultz', 'Male', '1983-12-03', '2019-12-17', 'UK', 'Glasgow', '692974');
INSERT INTO employee VALUES(default, 'Tia', 'Briggs', 'Male', '1999-04-03', '2020-01-12', 'UK', 'Cardiff', '663760');
INSERT INTO employee VALUES(default, 'Alexandra', 'Levy', 'Male', '1981-07-14', '2020-04-06', 'UK', 'Glasgow', '678160');
INSERT INTO employee VALUES(default, 'Tony', 'Davis', 'Male', '1989-04-24', '2020-07-05', 'UK', 'Cardiff', '624262');
INSERT INTO employee VALUES(default, 'Macy', 'Beard', 'Male', '1989-02-08', '2020-08-11', 'UK', 'London', '622986');
INSERT INTO employee VALUES(default, 'Toby', 'Potter', 'Female', '1975-09-02', '2020-10-10', 'UK', 'London', '677909');
INSERT INTO employee VALUES(default, 'Karlee', 'Boyer', 'Male', '1999-02-03', '2021-01-01', 'UK', 'London', '619633');
INSERT INTO employee VALUES(default, 'Hector', 'Simpson', 'Male', '1983-03-01', '2021-03-11', 'UK', 'Cardiff', '620786');
INSERT INTO employee VALUES(default, 'Javon', 'Cameron', 'Male', '1991-01-04', '2021-04-03', 'UK', 'Glasgow', '624714');
INSERT INTO employee VALUES(default, 'Lilly', 'West', 'Male', '1987-09-12', '2021-04-21', 'UK', 'Glasgow', '625483');
INSERT INTO employee VALUES(default, 'Anika', 'Palmer', 'Male', '1990-03-05', '2021-05-12', 'UK', 'Cardiff', '623430');
INSERT INTO employee VALUES(default, 'Ishaan', 'Heath', 'Male', '1987-07-10', '2021-07-24', 'UK', 'London', '621574');
INSERT INTO employee VALUES(default, 'Lorelei', 'Horne', 'Male', '1981-02-10', '2021-08-08', 'UK', 'London', '631944');
INSERT INTO employee VALUES(default, 'Gillian', 'Mata', 'Male', '1993-10-08', '2021-08-14', 'UK', 'Cardiff', '644966');
INSERT INTO employee VALUES(default, 'Atticus', 'Griffin', 'Male', '1987-10-12', '2021-09-16', 'UK', 'Cardiff', '669274');
INSERT INTO employee VALUES(default, 'Caden', 'Carpenter', 'Female', '1982-08-16', '2021-10-19', 'UK', 'London', '692230');
INSERT INTO employee VALUES(default, 'Brooks', 'Sweeney', 'Female', '1972-04-09', '2022-02-01', 'UK', 'London', '692373');
INSERT INTO employee VALUES(default, 'Isabel', 'Taylor', 'Male', '1995-09-11', '2022-06-01', 'UK', 'Cardiff', '684159');
INSERT INTO employee VALUES(default, 'Joselyn', 'Horne', 'Male', '1995-03-03', '2022-07-10', 'UK', 'London', '623857');
INSERT INTO employee VALUES(default, 'Diamond', 'Snyder', 'Male', '1976-09-16', '2022-08-12', 'UK', 'Glasgow', '689255');
INSERT INTO employee VALUES(default, 'Eden', 'Collins', 'Male', '1991-04-01', '2022-08-24', 'UK', 'Cardiff', '636017');
INSERT INTO employee VALUES(default, 'Emely', 'Walker', 'Male', '1999-10-19', '2022-09-12', 'UK', 'Glasgow', '632956');
INSERT INTO employee VALUES(default, 'Corinne', 'Novak', 'Female', '1974-03-06', '2022-11-04', 'UK', 'London', '656172');
INSERT INTO employee VALUES(default, 'Destiny', 'Riggs', 'Female', '1996-01-24', '2022-12-05', 'UK', 'Glasgow', '621040');
INSERT INTO employee VALUES(default, 'Zaria', 'Barrera', 'Male', '1981-05-10', '2022-12-13', 'UK', 'Glasgow', '630921');
INSERT INTO employee VALUES(default, 'Adam', 'Berg', 'Male', '1998-02-21', '2023-02-11', 'UK', 'London', '644301');
INSERT INTO employee VALUES(default, 'Makenna', 'Scott', 'Male', '1998-08-12', '2023-06-23', 'UK', 'London', '658452');
INSERT INTO employee VALUES(default, 'Devon', 'Leon', 'Male', '1978-01-07', '2023-07-02', 'UK', 'Glasgow', '637054');
INSERT INTO employee VALUES(default, 'Lucy', 'Yoder', 'Female', '1997-10-22', '2023-09-04', 'UK', 'Cardiff', '623507');



-- ---------------------            CUSTOMER TABLE             ---------------------

-- table structure: customer_id, email, user_name, first_name, last_name, phone_number, birth_date, country, city, gender
ALTER TABLE customer AUTO_INCREMENT=30000;

INSERT INTO customer VALUES(default, 'uriah.ford@gmail.uk', 'uria9140', 'Uriah', 'Ford', '07700900949', '1980-10-08', 'UK', 'East Riding', 'Male');
INSERT INTO customer VALUES(default, 'cesar.cherry@gmail.uk', 'cesa8338', 'Cesar', 'Cherry', '07700900918', '1975-01-24', 'UK', 'Manchester', 'Male');
INSERT INTO customer VALUES(default, 'brianna.hicks@gmail.uk', 'bria4288', 'Brianna', 'Hicks', '07700900527', '2000-08-07', 'UK', 'London', 'Male');
INSERT INTO customer VALUES(default, 'ariel.dougherty@gmail.uk', 'arie5336', 'Ariel', 'Dougherty', '07700900879', '1975-10-21', 'UK', 'Sheffield', 'Female');
INSERT INTO customer VALUES(default, 'anastasia.greer@gmail.uk', 'anas7804', 'Anastasia', 'Greer', '07700900111', '1991-04-22', 'UK', 'Leicester', 'Male');
INSERT INTO customer VALUES(default, 'aliana.wilson@gmail.uk', 'alia9043', 'Aliana', 'Wilson', '07700900118', '1967-12-03', 'UK', 'Glasgow', 'Male');
INSERT INTO customer VALUES(default, 'houston.underwood@gmail.uk', 'hous7407', 'Houston', 'Underwood', '07700900083', '1991-03-12', 'UK', 'South Lanarkshire', 'Male');
INSERT INTO customer VALUES(default, 'case.goodman@gmail.uk', 'case7687', 'Case', 'Goodman', '07700900087', '1976-04-01', 'UK', 'Manchester', 'Male');
INSERT INTO customer VALUES(default, 'trevin.becker@gmail.uk', 'trev8643', 'Trevin', 'Becker', '07700900693', '1976-09-08', 'UK', 'Edinburgh', 'Female');
INSERT INTO customer VALUES(default, 'braden.gamble@gmail.uk', 'brad9075', 'Braden', 'Gamble', '07700900906', '1972-07-06', 'UK', 'Manchester', 'Female');
INSERT INTO customer VALUES(default, 'mireya.middleton@gmail.uk', 'mire1680', 'Mireya', 'Middleton', '07700900268', '1972-08-23', 'UK', 'Nottingham', 'Female');
INSERT INTO customer VALUES(default, 'jason.hunter@gmail.uk', 'jaso5426', 'Jason', 'Hunter', '07700900404', '1966-06-14', 'UK', 'Wakefield', 'Male');
INSERT INTO customer VALUES(default, 'brian.gibson@gmail.uk', 'bria4379', 'Brian', 'Gibson', '07700900382', '1966-08-07', 'UK', 'Coventry', 'Male');
INSERT INTO customer VALUES(default, 'alex.jenkins@gmail.uk', 'alex2415', 'Alex', 'Jenkins', '07700900740', '1956-11-19', 'UK', 'Liverpool', 'Male');
INSERT INTO customer VALUES(default, 'ricardo.morrow@gmail.uk', 'rica8289', 'Ricardo', 'Morrow', '07700900028', '1963-08-06', 'UK', 'Bradford', 'Male');
INSERT INTO customer VALUES(default, 'braedon.brady@gmail.uk', 'brae2767', 'Braedon', 'Brady', '07700900847', '1965-08-02', 'UK', 'South Lanarkshire', 'Male');
INSERT INTO customer VALUES(default, 'graham.braun@gmail.uk', 'grah6704', 'Graham', 'Braun', '07700900814', '1995-02-20', 'UK', 'Belfast', 'Male');
INSERT INTO customer VALUES(default, 'kyle.scott@gmail.uk', 'kyle7751', 'Kyle', 'Scott', '07700900337', '1971-06-01', 'UK', 'Edinburgh', 'Male');
INSERT INTO customer VALUES(default, 'connor.miranda@gmail.uk', 'conn9218', 'Connor', 'Miranda', '07700900505', '1980-08-17', 'UK', 'Leicester', 'Male');
INSERT INTO customer VALUES(default, 'owen.garrison@gmail.uk', 'owen9026', 'Owen', 'Garrison', '07700900006', '1970-10-14', 'UK', 'South Lanarkshire', 'Male');
INSERT INTO customer VALUES(default, 'abel.woods@gmail.uk', 'abel5042', 'Abel', 'Woods', '07700900214', '1977-05-17', 'UK', 'Leeds', 'Male');
INSERT INTO customer VALUES(default, 'selina.burnett@gmail.uk', 'seli5798', 'Selina', 'Burnett', '07700900507', '1996-01-09', 'UK', 'Dudley', 'Male');
INSERT INTO customer VALUES(default, 'marilyn.mcdowell@gmail.uk', 'mari3680', 'Marilyn', 'Mcdowell', '07700900906', '1964-11-18', 'UK', 'Kirklees', 'Male');
INSERT INTO customer VALUES(default, 'ali.brandt@gmail.uk', 'ali6368', 'Ali', 'Brandt', '07700900726', '1971-07-20', 'UK', 'London', 'Male');
INSERT INTO customer VALUES(default, 'joy.schwartz@gmail.uk', 'joy9395', 'Joy', 'Schwartz', '07700900269', '1963-08-23', 'UK', 'Nottingham', 'Male');
INSERT INTO customer VALUES(default, 'ally.hayes@gmail.uk', 'ally2010', 'Ally', 'Hayes', '07700900472', '1983-01-19', 'UK', 'Cardiff', 'Male');
INSERT INTO customer VALUES(default, 'vanessa.potts@gmail.uk', 'vane8006', 'Vanessa', 'Potts', '07700900926', '1990-03-11', 'UK', 'Doncaster', 'Male');
INSERT INTO customer VALUES(default, 'trey.eaton@gmail.uk', 'trey3430', 'Trey', 'Eaton', '07700900716', '1962-08-07', 'UK', 'East Riding', 'Male');
INSERT INTO customer VALUES(default, 'adalyn.manning@gmail.uk', 'adal4873', 'Adalyn', 'Manning', '07700900779', '1973-03-17', 'UK', 'Coventry', 'Female');
INSERT INTO customer VALUES(default, 'madeleine.torres@gmail.uk', 'made3640', 'Madeleine', 'Torres', '07700900162', '1954-07-12', 'UK', 'Kirklees', 'Female');
INSERT INTO customer VALUES(default, 'ernesto.morton@gmail.uk', 'erne5085', 'Ernesto', 'Morton', '07700900435', '1989-09-10', 'UK', 'Cardiff', 'Male');
INSERT INTO customer VALUES(default, 'lawrence.gillespie@gmail.uk', 'lawr2287', 'Lawrence', 'Gillespie', '07700900556', '1991-04-20', 'UK', 'Leicester', 'Male');
INSERT INTO customer VALUES(default, 'trinity.gilbert@gmail.uk', 'trin1649', 'Trinity', 'Gilbert', '07700900927', '2000-06-18', 'UK', 'Glasgow', 'Male');
INSERT INTO customer VALUES(default, 'amina.ruiz@gmail.uk', 'amin4938', 'Amina', 'Ruiz', '07700900907', '1953-07-17', 'UK', 'South Lanarkshire', 'Male');
INSERT INTO customer VALUES(default, 'ally.melton@gmail.uk', 'ally1880', 'Ally', 'Melton', '07700900223', '1992-05-10', 'UK', 'Stockport', 'Male');
INSERT INTO customer VALUES(default, 'rebekah.horn@gmail.uk', 'rebe6405', 'Rebekah', 'Horn', '07700900271', '1951-07-24', 'UK', 'Wakefield', 'Male');
INSERT INTO customer VALUES(default, 'melody.wagner@gmail.uk', 'melo3199', 'Melody', 'Wagner', '07700900863', '1994-04-19', 'UK', 'Wigan', 'Female');
INSERT INTO customer VALUES(default, 'richard.pruitt@gmail.uk', 'rich3396', 'Richard', 'Pruitt', '07700900980', '1974-10-13', 'UK', 'Sefton', 'Male');
INSERT INTO customer VALUES(default, 'olivia.huerta@gmail.uk', 'oliv4092', 'Olivia', 'Huerta', '07700900043', '1987-03-21', 'UK', 'Bristol', 'Male');
INSERT INTO customer VALUES(default, 'zaniyah.barajas@gmail.uk', 'zani9375', 'Zaniyah', 'Barajas', '07700900468', '1957-10-05', 'UK', 'Belfast', 'Male');
INSERT INTO customer VALUES(default, 'maximilian.gregory@gmail.uk', 'maxi9227', 'Maximilian', 'Gregory', '07700900881', '1971-06-25', 'UK', 'Liverpool', 'Male');
INSERT INTO customer VALUES(default, 'serena.mccarthy@gmail.uk', 'sere4564', 'Serena', 'Mccarthy', '07700900493', '1969-12-18', 'UK', 'Sefton', 'Male');
INSERT INTO customer VALUES(default, 'larry.simon@gmail.uk', 'larr8855', 'Larry', 'Simon', '07700900229', '1996-07-03', 'UK', 'Fife', 'Male');
INSERT INTO customer VALUES(default, 'kadyn.butler@gmail.uk', 'kady8786', 'Kadyn', 'Butler', '07700900145', '1955-09-08', 'UK', 'Stockport', 'Female');
INSERT INTO customer VALUES(default, 'rigoberto.duran@gmail.uk', 'rigo8032', 'Rigoberto', 'Duran', '07700900147', '1955-01-05', 'UK', 'North Lanarkshire', 'Male');
INSERT INTO customer VALUES(default, 'gabriella.gallagher@gmail.uk', 'gabr6639', 'Gabriella', 'Gallagher', '07700900009', '1991-12-02', 'UK', 'Doncaster', 'Female');
INSERT INTO customer VALUES(default, 'hana.galvan@gmail.uk', 'hana5912', 'Hana', 'Galvan', '07700900664', '1966-02-25', 'UK', 'Wigan', 'Male');
INSERT INTO customer VALUES(default, 'luciana.odom@gmail.uk', 'luci4529', 'Luciana', 'Odom', '07700900541', '1951-08-13', 'UK', 'Sandwell', 'Male');
INSERT INTO customer VALUES(default, 'demetrius.dalton@gmail.uk', 'deme1907', 'Demetrius', 'Dalton', '07700900489', '1997-02-19', 'UK', 'South Lanarkshire', 'Male');
INSERT INTO customer VALUES(default, 'chandler.henry@gmail.uk', 'chan2777', 'Chandler', 'Henry', '07700900333', '2000-04-04', 'UK', 'Fife', 'Male');
INSERT INTO customer VALUES(default, 'antoine.pennington@gmail.uk', 'anto8554', 'Antoine', 'Pennington', '07700900586', '1967-06-11', 'UK', 'Cardiff', 'Male');
INSERT INTO customer VALUES(default, 'alfred.salazar@gmail.uk', 'alfr3301', 'Alfred', 'Salazar', '07700900216', '1952-06-23', 'UK', 'London', 'Male');
INSERT INTO customer VALUES(default, 'darien.davis@gmail.uk', 'dari8335', 'Darien', 'Davis', '07700900454', '1973-05-01', 'UK', 'Manchester', 'Female');
INSERT INTO customer VALUES(default, 'london.nunez@gmail.uk', 'lond8988', 'London', 'Nunez', '07700900042', '1978-09-04', 'UK', 'Coventry', 'Female');
INSERT INTO customer VALUES(default, 'kayleigh.wood@gmail.uk', 'kayl8244', 'Kayleigh', 'Wood', '07700900747', '1951-12-11', 'UK', 'Coventry', 'Female');
INSERT INTO customer VALUES(default, 'koen.frye@gmail.uk', 'koen4266', 'Koen', 'Frye', '07700900791', '1971-01-04', 'UK', 'Fife', 'Male');
INSERT INTO customer VALUES(default, 'wade.simpson@gmail.uk', 'wade3741', 'Wade', 'Simpson', '07700900208', '1999-09-18', 'UK', 'Wakefield', 'Male');
INSERT INTO customer VALUES(default, 'deven.singleton@gmail.uk', 'deve8979', 'Deven', 'Singleton', '07700900629', '1967-10-22', 'UK', 'Sheffield', 'Male');
INSERT INTO customer VALUES(default, 'kenna.meza@gmail.uk', 'kenn7709', 'Kenna', 'Meza', '07700900762', '1986-11-20', 'UK', 'Birmingham', 'Male');
INSERT INTO customer VALUES(default, 'tristan.keller@gmail.uk', 'tris6013', 'Tristan', 'Keller', '07700900556', '1959-08-07', 'UK', 'Leeds', 'Female');
INSERT INTO customer VALUES(default, 'beckett.miles@gmail.uk', 'beck3543', 'Beckett', 'Miles', '07700900407', '1956-12-13', 'UK', 'Leeds', 'Female');
INSERT INTO customer VALUES(default, 'coby.baxter@gmail.uk', 'coby7870', 'Coby', 'Baxter', '07700900644', '1966-03-09', 'UK', 'Wigan', 'Female');
INSERT INTO customer VALUES(default, 'jalen.carter@gmail.uk', 'jale8043', 'Jalen', 'Carter', '07700900918', '1996-06-24', 'UK', 'Belfast', 'Male');
INSERT INTO customer VALUES(default, 'ralph.reese@gmail.uk', 'ralp3730', 'Ralph', 'Reese', '07700900245', '1974-10-18', 'UK', 'Manchester', 'Male');
INSERT INTO customer VALUES(default, 'shania.kemp@gmail.uk', 'shan4275', 'Shania', 'Kemp', '07700900269', '1967-05-11', 'UK', 'Sheffield', 'Male');
INSERT INTO customer VALUES(default, 'kaiden.robles@gmail.uk', 'kaid2148', 'Kaiden', 'Robles', '07700900334', '1985-08-18', 'UK', 'Glasgow', 'Male');
INSERT INTO customer VALUES(default, 'maeve.palmer@gmail.uk', 'maev7633', 'Maeve', 'Palmer', '07700900230', '1975-04-03', 'UK', 'Fife', 'Female');
INSERT INTO customer VALUES(default, 'monserrat.hopkins@gmail.uk', 'mons4004', 'Monserrat', 'Hopkins', '07700900596', '1975-10-19', 'UK', 'South Lanarkshire', 'Male');
INSERT INTO customer VALUES(default, 'nathan.oneal@gmail.uk', 'nath8170', 'Nathan', 'Oneal', '07700900834', '1962-08-13', 'UK', 'Doncaster', 'Male');
INSERT INTO customer VALUES(default, 'ashly.campos@gmail.uk', 'ashl5206', 'Ashly', 'Campos', '07700900788', '1998-04-18', 'UK', 'South Lanarkshire', 'Male');
INSERT INTO customer VALUES(default, 'angelique.nelson@gmail.uk', 'ange6740', 'Angelique', 'Nelson', '07700900711', '1951-09-03', 'UK', 'Sefton', 'Male');
INSERT INTO customer VALUES(default, 'kenny.castaneda@gmail.uk', 'kenn4283', 'Kenny', 'Castaneda', '07700900575', '1989-11-16', 'UK', 'Sefton', 'Male');
INSERT INTO customer VALUES(default, 'adison.roth@gmail.uk', 'adis9107', 'Adison', 'Roth', '07700900967', '1965-03-07', 'UK', 'Coventry', 'Female');
INSERT INTO customer VALUES(default, 'elisabeth.sandoval@gmail.uk', 'elis3860', 'Elisabeth', 'Sandoval', '07700900072', '1959-02-11', 'UK', 'Glasgow', 'Male');
INSERT INTO customer VALUES(default, 'sylvia.alexander@gmail.uk', 'sylv2607', 'Sylvia', 'Alexander', '07700900100', '1977-04-21', 'UK', 'Manchester', 'Male');
INSERT INTO customer VALUES(default, 'emerson.carney@gmail.uk', 'emer2890', 'Emerson', 'Carney', '07700900114', '1998-08-22', 'UK', 'Birmingham', 'Male');
INSERT INTO customer VALUES(default, 'hayley.gentry@gmail.uk', 'hayl2038', 'Hayley', 'Gentry', '07700900168', '1959-06-19', 'UK', 'Cardiff', 'Female');
INSERT INTO customer VALUES(default, 'alannah.chambers@gmail.uk', 'alan5700', 'Alannah', 'Chambers', '07700900334', '1968-07-10', 'UK', 'Nottingham', 'Male');
INSERT INTO customer VALUES(default, 'jessica.simmons@gmail.uk', 'jess1724', 'Jessica', 'Simmons', '07700900888', '1971-09-12', 'UK', 'Stockport', 'Female');
INSERT INTO customer VALUES(default, 'giovanni.schmidt@gmail.uk', 'giov7647', 'Giovanni', 'Schmidt', '07700900616', '1997-06-06', 'UK', 'Sandwell', 'Male');
INSERT INTO customer VALUES(default, 'ricardo.mckay@gmail.uk', 'rica6673', 'Ricardo', 'Mckay', '07700900500', '1978-11-15', 'UK', 'Edinburgh', 'Male');
INSERT INTO customer VALUES(default, 'caitrin.snow@gmail.uk', 'cait5407', 'Caitrin', 'Snow', '07700900739', '1987-01-21', 'UK', 'Sandwell', 'Female');
INSERT INTO customer VALUES(default, 'jenna.winters@gmail.uk', 'jenn6678', 'Jenna', 'Winters', '07700900915', '1994-04-14', 'UK', 'Stockport', 'Female');
INSERT INTO customer VALUES(default, 'michelle.melton@gmail.uk', 'mich8727', 'Michelle', 'Melton', '07700900609', '1956-03-24', 'UK', 'Sheffield', 'Female');
INSERT INTO customer VALUES(default, 'jackie.jimenez@gmail.uk', 'jack2614', 'Jackie', 'Jimenez', '07700900540', '1959-10-21', 'UK', 'Bristol', 'Female');
INSERT INTO customer VALUES(default, 'alfred.barr@gmail.uk', 'alfr4834', 'Alfred', 'Barr', '07700900949', '1959-08-17', 'UK', 'North Lanarkshire', 'Male');
INSERT INTO customer VALUES(default, 'howard.hanson@gmail.uk', 'howa5174', 'Howard', 'Hanson', '07700900431', '1955-05-06', 'UK', 'Sunderland', 'Male');
INSERT INTO customer VALUES(default, 'whitney.frazier@gmail.uk', 'whit6439', 'Whitney', 'Frazier', '07700900039', '1975-11-06', 'UK', 'North Lanarkshire', 'Female');
INSERT INTO customer VALUES(default, 'gerry.george@gmail.uk', 'gerr4902', 'Gerry', 'George', '07700900441', '1997-05-02', 'UK', 'Wirral', 'Male');
INSERT INTO customer VALUES(default, 'noah.kirby@gmail.uk', 'noah5395', 'Noah', 'Kirby', '07700900235', '1961-06-22', 'UK', 'Sheffield', 'Male');
INSERT INTO customer VALUES(default, 'mike.harmon@gmail.uk', 'mike6773', 'Mike', 'Harmon', '07700900537', '1956-03-10', 'UK', 'Sandwell', 'Male');
INSERT INTO customer VALUES(default, 'travis.stevenson@gmail.uk', 'trav2525', 'Travis', 'Stevenson', '07700900938', '1950-11-23', 'UK', 'Sefton', 'Male');
INSERT INTO customer VALUES(default, 'callum.hogan@gmail.uk', 'call7315', 'Callum', 'Hogan', '07700900742', '1963-02-17', 'UK', 'Wirral', 'Male');
INSERT INTO customer VALUES(default, 'jabari.dodson@gmail.uk', 'jaba4214', 'Jabari', 'Dodson', '07700900115', '2000-09-12', 'UK', 'Sandwell', 'Male');
INSERT INTO customer VALUES(default, 'stephanie.bray@gmail.uk', 'step2351', 'Stephanie', 'Bray', '07700900841', '1971-08-19', 'UK', 'Coventry', 'Male');
INSERT INTO customer VALUES(default, 'rubi.leblanc@gmail.uk', 'rubi7516', 'Rubi', 'Leblanc', '07700900115', '1983-04-16', 'UK', 'Dudley', 'Male');
INSERT INTO customer VALUES(default, 'aileen.cochran@gmail.uk', 'aile4975', 'Aileen', 'Cochran', '07700900570', '1976-04-07', 'UK', 'Leicester', 'Male');
INSERT INTO customer VALUES(default, 'thaddeus.mueller@gmail.uk', 'thad3705', 'Thaddeus', 'Mueller', '07700900968', '1955-04-01', 'UK', 'Nottingham', 'Male');
INSERT INTO customer VALUES(default, 'layla.hull@gmail.uk', 'layl9272', 'Layla', 'Hull', '07700900431', '1963-10-20', 'UK', 'Wakefield', 'Male');
INSERT INTO customer VALUES(default, 'yesenia.beard@gmail.uk', 'yese6999', 'Yesenia', 'Beard', '07700900222', '1970-11-23', 'UK', 'Cardiff', 'Male');
INSERT INTO customer VALUES(default, 'jase.hanna@gmail.uk', 'jase1640', 'Jase', 'Hanna', '07700900179', '2000-09-22', 'UK', 'Birmingham', 'Female');
INSERT INTO customer VALUES(default, 'jakayla.suarez@gmail.uk', 'jaka6674', 'Jakayla', 'Suarez', '07700900175', '1977-07-17', 'UK', 'Birmingham', 'Male');
INSERT INTO customer VALUES(default, 'aspen.dixon@gmail.uk', 'aspe2630', 'Aspen', 'Dixon', '07700900131', '1978-06-19', 'UK', 'East Riding', 'Male');
INSERT INTO customer VALUES(default, 'lewis.spears@gmail.uk', 'lewi5529', 'Lewis', 'Spears', '07700900362', '1991-07-17', 'UK', 'Sefton', 'Male');
INSERT INTO customer VALUES(default, 'ronald.anderson@gmail.uk', 'rona8174', 'Ronald', 'Anderson', '07700900214', '1961-09-01', 'UK', 'Birmingham', 'Male');
INSERT INTO customer VALUES(default, 'raquel.wu@gmail.uk', 'raqu2802', 'Raquel', 'Wu', '07700900698', '1993-12-03', 'UK', 'Stockport', 'Male');
INSERT INTO customer VALUES(default, 'andy.blanchard@gmail.uk', 'andy8728', 'Andy', 'Blanchard', '07700900125', '1997-05-15', 'UK', 'Coventry', 'Male');
INSERT INTO customer VALUES(default, 'patrick.beard@gmail.uk', 'patr7243', 'Patrick', 'Beard', '07700900425', '1970-09-20', 'UK', 'Coventry', 'Female');
INSERT INTO customer VALUES(default, 'yadira.morton@gmail.uk', 'yadi2450', 'Yadira', 'Morton', '07700900189', '1984-10-16', 'UK', 'Wirral', 'Female');
INSERT INTO customer VALUES(default, 'carlo.wilkins@gmail.uk', 'carl7042', 'Carlo', 'Wilkins', '07700900948', '1950-05-07', 'UK', 'Stockport', 'Male');
INSERT INTO customer VALUES(default, 'kaylin.lambert@gmail.uk', 'kayl6339', 'Kaylin', 'Lambert', '07700900337', '1950-10-19', 'UK', 'Glasgow', 'Male');
INSERT INTO customer VALUES(default, 'mary.petty@gmail.uk', 'mary8868', 'Mary', 'Petty', '07700900538', '1988-07-19', 'UK', 'Coventry', 'Male');
INSERT INTO customer VALUES(default, 'harper.levy@gmail.uk', 'harp3325', 'Harper', 'Levy', '07700900976', '1957-08-21', 'UK', 'Leicester', 'Male');
INSERT INTO customer VALUES(default, 'charles.durham@gmail.uk', 'char3183', 'Charles', 'Durham', '07700900183', '1956-04-24', 'UK', 'Leeds', 'Male');
INSERT INTO customer VALUES(default, 'jaron.stevens@gmail.uk', 'jaro9046', 'Jaron', 'Stevens', '07700900748', '1992-08-12', 'UK', 'Bradford', 'Male');
INSERT INTO customer VALUES(default, 'jordyn.patton@gmail.uk', 'jord5219', 'Jordyn', 'Patton', '07700900939', '1989-07-10', 'UK', 'Sefton', 'Male');
INSERT INTO customer VALUES(default, 'valentino.guzman@gmail.uk', 'vale8698', 'Valentino', 'Guzman', '07700900127', '1969-04-22', 'UK', 'Wakefield', 'Male');
INSERT INTO customer VALUES(default, 'charles.mayo@gmail.uk', 'char2955', 'Charles', 'Mayo', '07700900952', '1988-04-06', 'UK', 'Wigan', 'Male');
INSERT INTO customer VALUES(default, 'kamden.frederick@gmail.uk', 'kamd9352', 'Kamden', 'Frederick', '07700900297', '1980-02-06', 'UK', 'Leicester', 'Male');
INSERT INTO customer VALUES(default, 'kiley.oneill@gmail.uk', 'kile8666', 'Kiley', 'Oneill', '07700900215', '1994-12-16', 'UK', 'Sefton', 'Male');
INSERT INTO customer VALUES(default, 'darien.allison@gmail.uk', 'dari9392', 'Darien', 'Allison', '07700900072', '1965-02-04', 'UK', 'Dudley', 'Female');
INSERT INTO customer VALUES(default, 'madeline.clark@gmail.uk', 'made7994', 'Madeline', 'Clark', '07700900500', '1997-09-02', 'UK', 'Sunderland', 'Female');
INSERT INTO customer VALUES(default, 'zain.blanchard@gmail.uk', 'zain8195', 'Zain', 'Blanchard', '07700900728', '1978-07-03', 'UK', 'Bradford', 'Female');
INSERT INTO customer VALUES(default, 'hezekiah.henry@gmail.uk', 'heze6624', 'Hezekiah', 'Henry', '07700900671', '1992-04-22', 'UK', 'North Lanarkshire', 'Female');
INSERT INTO customer VALUES(default, 'kaia.huffman@gmail.uk', 'kaia8104', 'Kaia', 'Huffman', '07700900083', '1960-02-21', 'UK', 'Manchester', 'Male');
INSERT INTO customer VALUES(default, 'mathias.lopez@gmail.uk', 'math7027', 'Mathias', 'Lopez', '07700900815', '1950-01-24', 'UK', 'Sunderland', 'Male');
INSERT INTO customer VALUES(default, 'simeon.sweeney@gmail.uk', 'sime4014', 'Simeon', 'Sweeney', '07700900252', '1998-04-15', 'UK', 'Leicester', 'Male');
INSERT INTO customer VALUES(default, 'magdalena.pratt@gmail.uk', 'magd3805', 'Magdalena', 'Pratt', '07700900602', '1975-07-13', 'UK', 'Glasgow', 'Male');
INSERT INTO customer VALUES(default, 'gwendolyn.whitney@gmail.uk', 'gwen3843', 'Gwendolyn', 'Whitney', '07700900492', '1969-06-12', 'UK', 'Leeds', 'Male');
INSERT INTO customer VALUES(default, 'demarion.leon@gmail.uk', 'dema8732', 'Demarion', 'Leon', '07700900711', '1976-05-18', 'UK', 'Kirklees', 'Male');
INSERT INTO customer VALUES(default, 'katelyn.armstrong@gmail.uk', 'kate6112', 'Katelyn', 'Armstrong', '07700900734', '1981-02-24', 'UK', 'Bradford', 'Male');
INSERT INTO customer VALUES(default, 'miranda.preston@gmail.uk', 'mira3158', 'Miranda', 'Preston', '07700900844', '1986-06-07', 'UK', 'East Riding', 'Male');
INSERT INTO customer VALUES(default, 'breanna.guerrero@gmail.uk', 'brea4901', 'Breanna', 'Guerrero', '07700900614', '1973-05-14', 'UK', 'Stockport', 'Male');
INSERT INTO customer VALUES(default, 'nathaly.oliver@gmail.uk', 'nath7072', 'Nathaly', 'Oliver', '07700900617', '1996-02-20', 'UK', 'North Lanarkshire', 'Male');
INSERT INTO customer VALUES(default, 'maximus.yoder@gmail.uk', 'maxi6383', 'Maximus', 'Yoder', '07700900494', '1968-07-18', 'UK', 'Doncaster', 'Female');
INSERT INTO customer VALUES(default, 'demarcus.flowers@gmail.uk', 'dema5978', 'Demarcus', 'Flowers', '07700900134', '1993-04-13', 'UK', 'Bradford', 'Female');
INSERT INTO customer VALUES(default, 'fernando.ramirez@gmail.uk', 'fern3560', 'Fernando', 'Ramirez', '07700900989', '1983-12-09', 'UK', 'Fife', 'Female');
INSERT INTO customer VALUES(default, 'keon.ray@gmail.uk', 'keon7807', 'Keon', 'Ray', '07700900135', '1972-04-18', 'UK', 'Leeds', 'Male');
INSERT INTO customer VALUES(default, 'amanda.palmer@gmail.uk', 'aman4110', 'Amanda', 'Palmer', '07700900243', '1959-03-18', 'UK', 'Kirklees', 'Male');
INSERT INTO customer VALUES(default, 'trace.hawkins@gmail.uk', 'trac6086', 'Trace', 'Hawkins', '07700900574', '1971-01-24', 'UK', 'Birmingham', 'Male');
INSERT INTO customer VALUES(default, 'yuliana.miranda@gmail.uk', 'yuli3649', 'Yuliana', 'Miranda', '07700900467', '1962-06-04', 'UK', 'Cardiff', 'Male');
INSERT INTO customer VALUES(default, 'bailey.murray@gmail.uk', 'bail2299', 'Bailey', 'Murray', '07700900532', '1951-07-13', 'UK', 'Birmingham', 'Male');
INSERT INTO customer VALUES(default, 'avah.sawyer@gmail.uk', 'avah8998', 'Avah', 'Sawyer', '07700900281', '1954-03-21', 'UK', 'Fife', 'Male');
INSERT INTO customer VALUES(default, 'cody.hogan@gmail.uk', 'cody3006', 'Cody', 'Hogan', '07700900508', '1972-12-20', 'UK', 'East Riding', 'Male');
INSERT INTO customer VALUES(default, 'eli.bennett@gmail.uk', 'eli7404', 'Eli', 'Bennett', '07700900449', '1995-05-23', 'UK', 'Sandwell', 'Male');
INSERT INTO customer VALUES(default, 'felipe.robertson@gmail.uk', 'feli8861', 'Felipe', 'Robertson', '07700900137', '1956-09-05', 'UK', 'Wirral', 'Male');
INSERT INTO customer VALUES(default, 'abdiel.bugali@gmail.uk', 'abdi4262', 'Abdiel', 'Bugali', '07700900699', '1983-02-25', 'UK', 'Leeds', 'Male');
INSERT INTO customer VALUES(default, 'lane.leach@gmail.uk', 'lane5274', 'Lane', 'Leach', '07700900449', '1952-04-03', 'UK', 'Sefton', 'Female');
INSERT INTO customer VALUES(default, 'vincent.eaton@gmail.uk', 'vinc1687', 'Vincent', 'Eaton', '07700900280', '1999-02-09', 'UK', 'East Riding', 'Male');
INSERT INTO customer VALUES(default, 'nasir.rossetti@gmail.uk', 'nasi2105', 'Nasir', 'Rossetti', '07700900207', '1970-03-21', 'UK', 'Sefton', 'Male');
INSERT INTO customer VALUES(default, 'quincy.goyal@gmail.uk', 'quin7104', 'Quincy', 'Goyal', '07700900218', '1955-06-12', 'UK', 'Belfast', 'Male');
INSERT INTO customer VALUES(default, 'alena.bean@gmail.uk', 'alen8705', 'Alena', 'Bean', '07700900915', '1984-07-02', 'UK', 'Sefton', 'Male');
INSERT INTO customer VALUES(default, 'clay.veera@gmail.uk', 'clay8624', 'Clay', 'Veera', '07700900330', '1990-11-07', 'UK', 'Glasgow', 'Male');
INSERT INTO customer VALUES(default, 'kayden.davis@gmail.uk', 'kayd6039', 'Kayden', 'Davis', '07700900177', '1957-06-21', 'UK', 'Coventry', 'Male');
INSERT INTO customer VALUES(default, 'presley.stanford@gmail.uk', 'pres5156', 'Presley', 'Stanford', '07700900562', '1983-12-22', 'UK', 'Wirral', 'Male');
INSERT INTO customer VALUES(default, 'christine.gosciminski@gmail.uk', 'chri2975', 'Christine', 'Gosciminski', '07700900540', '1985-10-19', 'UK', 'Bristol', 'Male');
INSERT INTO customer VALUES(default, 'jasmine.latif@gmail.uk', 'jasm3387', 'Jasmine', 'Latif', '07700900053', '1965-09-02', 'UK', 'North Lanarkshire', 'Male');
INSERT INTO customer VALUES(default, 'jaime.woodson@gmail.uk', 'jaim5734', 'Jaime', 'Woodson', '07700900069', '1962-09-25', 'UK', 'Kirklees', 'Male');
INSERT INTO customer VALUES(default, 'keagan.purinton@gmail.uk', 'keag3729', 'Keagan', 'Purinton', '07700900251', '1974-07-06', 'UK', 'Belfast', 'Male');
INSERT INTO customer VALUES(default, 'charlize.mckenna@gmail.uk', 'char6881', 'Charlize', 'Mckenna', '07700900800', '1962-09-23', 'UK', 'Cardiff', 'Female');
INSERT INTO customer VALUES(default, 'kendrick.baker@gmail.uk', 'kend9099', 'Kendrick', 'Baker', '07700900589', '1997-11-08', 'UK', 'London', 'Female');
INSERT INTO customer VALUES(default, 'meadow.small@gmail.uk', 'mead9026', 'Meadow', 'Small', '07700900703', '1961-12-09', 'UK', 'Bristol', 'Female');
INSERT INTO customer VALUES(default, 'ryker.aguirre@gmail.uk', 'ryke3591', 'Ryker', 'Aguirre', '07700900002', '1961-06-19', 'UK', 'Edinburgh', 'Male');
INSERT INTO customer VALUES(default, 'bruno.davila@gmail.uk', 'brun4477', 'Bruno', 'Davila', '07700900438', '1966-02-03', 'UK', 'Birmingham', 'Male');
INSERT INTO customer VALUES(default, 'luciana.bradley@gmail.uk', 'luci3401', 'Luciana', 'Bradley', '07700900857', '1963-02-19', 'UK', 'Edinburgh', 'Male');
INSERT INTO customer VALUES(default, 'johnathon.manning@gmail.uk', 'john2817', 'Johnathon', 'Manning', '07700900203', '1976-04-06', 'UK', 'East Riding', 'Male');
INSERT INTO customer VALUES(default, 'joaquin.bean@gmail.uk', 'joaq6082', 'Joaquin', 'Bean', '07700900370', '1977-04-05', 'UK', 'Bradford', 'Male');
INSERT INTO customer VALUES(default, 'ralph.avila@gmail.uk', 'ralp8347', 'Ralph', 'Avila', '07700900731', '1972-04-13', 'UK', 'Wakefield', 'Male');
INSERT INTO customer VALUES(default, 'malcolm.irwin@gmail.uk', 'malc3346', 'Malcolm', 'Irwin', '07700900374', '1960-04-14', 'UK', 'Fife', 'Male');
INSERT INTO customer VALUES(default, 'adam.mercer@gmail.uk', 'adam5197', 'Adam', 'Mercer', '07700900782', '1991-11-11', 'UK', 'Fife', 'Male');
INSERT INTO customer VALUES(default, 'isis.vargas@gmail.uk', 'isis7994', 'Isis', 'Vargas', '07700900523', '1995-02-10', 'UK', 'North Lanarkshire', 'Male');
INSERT INTO customer VALUES(default, 'meadow.harrison@gmail.uk', 'mead6438', 'Meadow', 'Harrison', '07700900090', '1988-07-19', 'UK', 'Bristol', 'Male');
INSERT INTO customer VALUES(default, 'benjamin.york@gmail.uk', 'benj5358', 'Benjamin', 'York', '07700900262', '1950-07-10', 'UK', 'Wakefield', 'Male');
INSERT INTO customer VALUES(default, 'jaycee.walton@gmail.uk', 'jayc7681', 'Jaycee', 'Walton', '07700900986', '1975-01-10', 'UK', 'Manchester', 'Male');
INSERT INTO customer VALUES(default, 'cannon.mayo@gmail.uk', 'cann6360', 'Cannon', 'Mayo', '07700900111', '1997-02-14', 'UK', 'Fife', 'Female');
INSERT INTO customer VALUES(default, 'brynn.vega@gmail.uk', 'bryn3390', 'Brynn', 'Vega', '07700900472', '1952-07-12', 'UK', 'Stockport', 'Female');
INSERT INTO customer VALUES(default, 'isla.fischer@gmail.uk', 'isla5329', 'Isla', 'Fischer', '07700900479', '1961-04-08', 'UK', 'Leicester', 'Male');
INSERT INTO customer VALUES(default, 'annalise.peterson@gmail.uk', 'anna7237', 'Annalise', 'Peterson', '07700900565', '1970-02-21', 'UK', 'Coventry', 'Male');
INSERT INTO customer VALUES(default, 'theodore.stokes@gmail.uk', 'theo4831', 'Theodore', 'Stokes', '07700900867', '1993-05-24', 'UK', 'Stockport', 'Male');
INSERT INTO customer VALUES(default, 'emily.raymond@gmail.uk', 'emil3229', 'Emily', 'Raymond', '07700900678', '1993-08-19', 'UK', 'Nottingham', 'Male');
INSERT INTO customer VALUES(default, 'madyson.fletcher@gmail.uk', 'mady6145', 'Madyson', 'Fletcher', '07700900586', '1955-01-17', 'UK', 'Cardiff', 'Male');
INSERT INTO customer VALUES(default, 'rachel.chung@gmail.uk', 'rach4278', 'Rachel', 'Chung', '07700900392', '1952-09-24', 'UK', 'Wigan', 'Male');
INSERT INTO customer VALUES(default, 'julie.carson@gmail.uk', 'juli6237', 'Julie', 'Carson', '07700900972', '1965-06-20', 'UK', 'Nottingham', 'Male');
INSERT INTO customer VALUES(default, 'alejandro.zuniga@gmail.uk', 'alej4244', 'Alejandro', 'Zuniga', '07700900051', '1990-12-10', 'UK', 'Wakefield', 'Female');
INSERT INTO customer VALUES(default, 'yadiel.reilly@gmail.uk', 'yadi6288', 'Yadiel', 'Reilly', '07700900345', '1983-05-15', 'UK', 'London', 'Female');
INSERT INTO customer VALUES(default, 'colt.randolph@gmail.uk', 'colt5434', 'Colt', 'Randolph', '07700900730', '1981-08-16', 'UK', 'Nottingham', 'Male');
INSERT INTO customer VALUES(default, 'madalyn.hale@gmail.uk', 'mada6178', 'Madalyn', 'Hale', '07700900354', '1966-02-02', 'UK', 'Coventry', 'Male');
INSERT INTO customer VALUES(default, 'clara.orozco@gmail.uk', 'clar1682', 'Clara', 'Orozco', '07700900764', '1980-04-20', 'UK', 'Edinburgh', 'Male');
INSERT INTO customer VALUES(default, 'cheyenne.fisher@gmail.uk', 'chey6747', 'Cheyenne', 'Fisher', '07700900855', '1960-11-24', 'UK', 'Doncaster', 'Female');
INSERT INTO customer VALUES(default, 'emerson.preston@gmail.uk', 'emer2165', 'Emerson', 'Preston', '07700900319', '1982-04-19', 'UK', 'Coventry', 'Male');
INSERT INTO customer VALUES(default, 'sawyer.davila@gmail.uk', 'sawy5537', 'Sawyer', 'Davila', '07700900522', '1974-03-21', 'UK', 'Wakefield', 'Male');
INSERT INTO customer VALUES(default, 'kyleigh.phillips@gmail.uk', 'kyle9123', 'Kyleigh', 'Phillips', '07700900213', '1979-11-15', 'UK', 'Edinburgh', 'Male');
INSERT INTO customer VALUES(default, 'maximus.mahoney@gmail.uk', 'maxi8476', 'Maximus', 'Mahoney', '07700900239', '2000-12-21', 'UK', 'Manchester', 'Male');
INSERT INTO customer VALUES(default, 'martin.ochoa@gmail.uk', 'mart4708', 'Martin', 'Ochoa', '07700900181', '1989-10-10', 'UK', 'Coventry', 'Male');
INSERT INTO customer VALUES(default, 'uriah.hogan@gmail.uk', 'uria6774', 'Uriah', 'Hogan', '07700900442', '1997-06-18', 'UK', 'Doncaster', 'Male');
INSERT INTO customer VALUES(default, 'kianna.cooke@gmail.uk', 'kian7277', 'Kianna', 'Cooke', '07700900152', '1985-11-20', 'UK', 'Bradford', 'Male');
INSERT INTO customer VALUES(default, 'alexandra.mcintosh@gmail.uk', 'alex3591', 'Alexandra', 'Mcintosh', '07700900978', '1963-12-12', 'UK', 'Leicester', 'Female');
INSERT INTO customer VALUES(default, 'fletcher.may@gmail.uk', 'flet2629', 'Fletcher', 'May', '07700900788', '1996-11-11', 'UK', 'Stockport', 'Male');
INSERT INTO customer VALUES(default, 'davian.kent@gmail.uk', 'davi5632', 'Davian', 'Kent', '07700900867', '1957-02-10', 'UK', 'London', 'Male');
INSERT INTO customer VALUES(default, 'maxim.anthony@gmail.uk', 'maxi3762', 'Maxim', 'Anthony', '07700900384', '1987-02-05', 'UK', 'Sefton', 'Female');
INSERT INTO customer VALUES(default, 'santiago.beltran@gmail.uk', 'sant8043', 'Santiago', 'Beltran', '07700900155', '1985-08-17', 'UK', 'Manchester', 'Female');
INSERT INTO customer VALUES(default, 'zara.bryant@gmail.uk', 'zara4205', 'Zara', 'Bryant', '07700900626', '1964-02-10', 'UK', 'Glasgow', 'Male');
INSERT INTO customer VALUES(default, 'darian.pham@gmail.uk', 'dari8111', 'Darian', 'Pham', '07700900088', '1974-04-13', 'UK', 'Manchester', 'Male');
INSERT INTO customer VALUES(default, 'gabriel.carpenter@gmail.uk', 'gabr7067', 'Gabriel', 'Carpenter', '07700900924', '1975-07-14', 'UK', 'Liverpool', 'Male');
INSERT INTO customer VALUES(default, 'madyson.reynolds@gmail.uk', 'mady9433', 'Madyson', 'Reynolds', '07700900664', '1986-12-10', 'UK', 'Nottingham', 'Male');
INSERT INTO customer VALUES(default, 'kellen.howell@gmail.uk', 'kell8540', 'Kellen', 'Howell', '07700900778', '1961-05-25', 'UK', 'Manchester', 'Male');
INSERT INTO customer VALUES(default, 'samir.sutton@gmail.uk', 'sami7217', 'Samir', 'Sutton', '07700900994', '1954-04-19', 'UK', 'East Riding', 'Male');
INSERT INTO customer VALUES(default, 'stephanie.arias@gmail.uk', 'step4365', 'Stephanie', 'Arias', '07700900416', '2000-06-22', 'UK', 'Bristol', 'Male');
INSERT INTO customer VALUES(default, 'walter.serrano@gmail.uk', 'walt9429', 'Walter', 'Serrano', '07700900766', '1951-10-09', 'UK', 'East Riding', 'Female');
INSERT INTO customer VALUES(default, 'misael.serrano@gmail.uk', 'misa7241', 'Misael', 'Serrano', '07700900825', '1957-06-21', 'UK', 'Wigan', 'Female');
INSERT INTO customer VALUES(default, 'melinda.hill@gmail.uk', 'meli4403', 'Melinda', 'Hill', '07700900222', '1962-05-24', 'UK', 'Sheffield', 'Female');
INSERT INTO customer VALUES(default, 'patrick.henry@gmail.uk', 'patr5914', 'Patrick', 'Henry', '07700900265', '1980-09-15', 'UK', 'Glasgow', 'Male');
INSERT INTO customer VALUES(default, 'adeel.dunlap@gmail.uk', 'adee3037', 'Adeel', 'Dunlap', '07700900595', '1989-11-18', 'UK', 'Cardiff', 'Male');
INSERT INTO customer VALUES(default, 'lisa.petty@gmail.uk', 'lisa8787', 'Lisa', 'Petty', '07700900261', '1993-07-15', 'UK', 'Sefton', 'Female');
INSERT INTO customer VALUES(default, 'louis.pace@gmail.uk', 'loui5980', 'Louis', 'Pace', '07700900698', '1996-04-07', 'UK', 'Bristol', 'Male');
INSERT INTO customer VALUES(default, 'michael.becker@gmail.uk', 'mich6965', 'Michael', 'Becker', '07700900916', '1963-09-13', 'UK', 'Fife', 'Male');
INSERT INTO customer VALUES(default, 'earnest.page@gmail.uk', 'earn9081', 'Earnest', 'Page', '07700900578', '1966-07-22', 'UK', 'Stockport', 'Male');
INSERT INTO customer VALUES(default, 'kimberly.galloway@gmail.uk', 'kimb8042', 'Kimberly', 'Galloway', '07700900897', '1993-08-20', 'UK', 'Leeds', 'Female');
INSERT INTO customer VALUES(default, 'adil.guerra@gmail.uk', 'adil3138', 'Adil', 'Guerra', '07700900891', '1955-07-13', 'UK', 'Wigan', 'Male');
INSERT INTO customer VALUES(default, 'barbara.mitchell@gmail.uk', 'barb7829', 'Barbara', 'Mitchell', '07700900669', '1977-02-07', 'UK', 'Bradford', 'Female');
INSERT INTO customer VALUES(default, 'carla.potter@gmail.uk', 'carl6957', 'Carla', 'Potter', '07700900874', '1972-07-25', 'UK', 'Edinburgh', 'Female');
INSERT INTO customer VALUES(default, 'francesco a.fritz@gmail.uk', 'fran3367', 'Francesco A', 'Fritz', '07700900206', '1979-02-02', 'UK', 'Liverpool', 'Male');
INSERT INTO customer VALUES(default, 'colleen.avila@gmail.uk', 'coll3103', 'Colleen', 'Avila', '07700900386', '1950-02-12', 'UK', 'Coventry', 'Female');
INSERT INTO customer VALUES(default, 'jean.davila@gmail.uk', 'jean8563', 'Jean', 'Davila', '07700900657', '1985-05-15', 'UK', 'Wirral', 'Male');
INSERT INTO customer VALUES(default, 'neveah.houston@gmail.uk', 'neve5333', 'Neveah', 'Houston', '07700900191', '2000-10-03', 'UK', 'Liverpool', 'Male');
INSERT INTO customer VALUES(default, 'tia.hurst@gmail.uk', 'tia8577', 'Tia', 'Hurst', '07700900736', '1969-08-10', 'UK', 'Glasgow', 'Male');
INSERT INTO customer VALUES(default, 'alexandra.moreno@gmail.uk', 'alex6273', 'Alexandra', 'Moreno', '07700900256', '1974-01-13', 'UK', 'Cardiff', 'Male');
INSERT INTO customer VALUES(default, 'tony.berg@gmail.uk', 'tony6716', 'Tony', 'Berg', '07700900430', '1999-12-08', 'UK', 'South Lanarkshire', 'Male');
INSERT INTO customer VALUES(default, 'macy.cowan@gmail.uk', 'macy4711', 'Macy', 'Cowan', '07700900994', '1955-09-10', 'UK', 'Bristol', 'Male');
INSERT INTO customer VALUES(default, 'toby.khan@gmail.uk', 'toby4862', 'Toby', 'Khan', '07700900327', '1973-09-20', 'UK', 'Leicester', 'Female');
INSERT INTO customer VALUES(default, 'karlee.vaughan@gmail.uk', 'karl8987', 'Karlee', 'Vaughan', '07700900850', '1989-10-15', 'UK', 'Sefton', 'Male');
INSERT INTO customer VALUES(default, 'hector.ibarra@gmail.uk', 'hect2131', 'Hector', 'Ibarra', '07700900556', '1968-05-05', 'UK', 'Wakefield', 'Male');
INSERT INTO customer VALUES(default, 'javon.cruz@gmail.uk', 'javo5009', 'Javon', 'Cruz', '07700900843', '1984-02-16', 'UK', 'Bradford', 'Male');
INSERT INTO customer VALUES(default, 'lilly.smith@gmail.uk', 'lill1869', 'Lilly', 'Smith', '07700900635', '1973-07-17', 'UK', 'Cardiff', 'Male');
INSERT INTO customer VALUES(default, 'anika.willis@gmail.uk', 'anik2443', 'Anika', 'Willis', '07700900355', '1996-07-18', 'UK', 'Leeds', 'Male');
INSERT INTO customer VALUES(default, 'ishaan.morse@gmail.uk', 'isha1687', 'Ishaan', 'Morse', '07700900686', '1964-08-16', 'UK', 'North Lanarkshire', 'Male');
INSERT INTO customer VALUES(default, 'lorelei.sexton@gmail.uk', 'lore6731', 'Lorelei', 'Sexton', '07700900162', '1995-04-13', 'UK', 'Wigan', 'Male');
INSERT INTO customer VALUES(default, 'gillian.ryan@gmail.uk', 'gill2630', 'Gillian', 'Ryan', '07700900586', '1971-07-22', 'UK', 'Sandwell', 'Male');
INSERT INTO customer VALUES(default, 'atticus.preston@gmail.uk', 'atti8280', 'Atticus', 'Preston', '07700900558', '1977-11-16', 'UK', 'Leeds', 'Male');
INSERT INTO customer VALUES(default, 'caden.pineda@gmail.uk', 'cade8395', 'Caden', 'Pineda', '07700900751', '1973-12-05', 'UK', 'Sefton', 'Female');
INSERT INTO customer VALUES(default, 'brooks.hickman@gmail.uk', 'broo3780', 'Brooks', 'Hickman', '07700900586', '1967-05-25', 'UK', 'Nottingham', 'Female');
INSERT INTO customer VALUES(default, 'isabel.hancock@gmail.uk', 'isab4159', 'Isabel', 'Hancock', '07700900661', '1998-05-23', 'UK', 'London', 'Male');
INSERT INTO customer VALUES(default, 'joselyn.sheppard@gmail.uk', 'jose6986', 'Joselyn', 'Sheppard', '07700900765', '1958-03-14', 'UK', 'Edinburgh', 'Male');
INSERT INTO customer VALUES(default, 'diamond.nunez@gmail.uk', 'diam5484', 'Diamond', 'Nunez', '07700900907', '1994-10-07', 'UK', 'Edinburgh', 'Male');
INSERT INTO customer VALUES(default, 'eden.huff@gmail.uk', 'eden3834', 'Eden', 'Huff', '07700900901', '1969-08-21', 'UK', 'Doncaster', 'Male');
INSERT INTO customer VALUES(default, 'emely.villanueva@gmail.uk', 'emel2450', 'Emely', 'Villanueva', '07700900121', '1966-01-08', 'UK', 'Stockport', 'Male');
INSERT INTO customer VALUES(default, 'corinne.anderson@gmail.uk', 'cori5960', 'Corinne', 'Anderson', '07700900776', '1979-06-05', 'UK', 'London', 'Female');
INSERT INTO customer VALUES(default, 'destiny.bush@gmail.uk', 'dest3668', 'Destiny', 'Bush', '07700900820', '1989-11-12', 'UK', 'East Riding', 'Female');
INSERT INTO customer VALUES(default, 'zaria.lindsey@gmail.uk', 'zari7690', 'Zaria', 'Lindsey', '07700900108', '1980-02-13', 'UK', 'Liverpool', 'Male');
INSERT INTO customer VALUES(default, 'adam.bonilla@gmail.uk', 'adam4857', 'Adam', 'Bonilla', '07700900600', '1969-10-23', 'UK', 'Belfast', 'Male');
INSERT INTO customer VALUES(default, 'makenna.richmond@gmail.uk', 'make7038', 'Makenna', 'Richmond', '07700900367', '1977-10-01', 'UK', 'London', 'Male');
INSERT INTO customer VALUES(default, 'devon.hill@gmail.uk', 'devo5709', 'Devon', 'Hill', '07700900767', '1955-09-02', 'UK', 'Sefton', 'Male');
INSERT INTO customer VALUES(default, 'lucy.mooney@gmail.uk', 'lucy7800', 'Lucy', 'Mooney', '07700900610', '1998-11-20', 'UK', 'Dudley', 'Female');
INSERT INTO customer VALUES(default, 'rebecca.donaldson@gmail.uk', 'rebe6941', 'Rebecca', 'Donaldson', '07700900454', '1988-07-12', 'UK', 'Dudley', 'Female');
INSERT INTO customer VALUES(default, 'avery.dunn@gmail.uk', 'aver3409', 'Avery', 'Dunn', '07700900007', '1997-11-07', 'UK', 'Glasgow', 'Male');
INSERT INTO customer VALUES(default, 'brian.ponce@gmail.uk', 'bria4916', 'Brian', 'Ponce', '07700900258', '1969-10-12', 'UK', 'Sandwell', 'Female');
INSERT INTO customer VALUES(default, 'kendra.hooper@gmail.uk', 'kend5534', 'Kendra', 'Hooper', '07700900605', '1969-11-19', 'UK', 'Dudley', 'Male');
INSERT INTO customer VALUES(default, 'jabari.mayo@gmail.uk', 'jaba7798', 'Jabari', 'Mayo', '07700900120', '1991-07-20', 'UK', 'Belfast', 'Male');
INSERT INTO customer VALUES(default, 'aurora.arroyo@gmail.uk', 'auro3612', 'Aurora', 'Arroyo', '07700900931', '1957-07-15', 'UK', 'North Lanarkshire', 'Male');
INSERT INTO customer VALUES(default, 'enrique.kemp@gmail.uk', 'enri6868', 'Enrique', 'Kemp', '07700900848', '1980-06-09', 'UK', 'Glasgow', 'Male');
INSERT INTO customer VALUES(default, 'luke.conway@gmail.uk', 'luke2967', 'Luke', 'Conway', '07700900716', '1965-02-11', 'UK', 'Coventry', 'Female');
INSERT INTO customer VALUES(default, 'ricardo.cooke@gmail.uk', 'rica5975', 'Ricardo', 'Cooke', '07700900642', '1959-05-25', 'UK', 'Coventry', 'Female');
INSERT INTO customer VALUES(default, 'camila.barry@gmail.uk', 'cami7434', 'Camila', 'Barry', '07700900374', '1964-01-12', 'UK', 'Wakefield', 'Male');
INSERT INTO customer VALUES(default, 'tripp.frank@gmail.uk', 'trip4343', 'Tripp', 'Frank', '07700900593', '1983-05-09', 'UK', 'Sandwell', 'Male');
INSERT INTO customer VALUES(default, 'davin.flores@gmail.uk', 'davi7090', 'Davin', 'Flores', '07700900134', '1985-12-22', 'UK', 'London', 'Male');
INSERT INTO customer VALUES(default, 'pierce.bright@gmail.uk', 'pier3161', 'Pierce', 'Bright', '07700900677', '1964-03-08', 'UK', 'Wakefield', 'Male');
INSERT INTO customer VALUES(default, 'eliezer.callahan@gmail.uk', 'elie5243', 'Eliezer', 'Callahan', '07700900045', '1996-11-07', 'UK', 'London', 'Female');
INSERT INTO customer VALUES(default, 'talan.dickson@gmail.uk', 'tala5773', 'Talan', 'Dickson', '07700900559', '1961-06-23', 'UK', 'Birmingham', 'Male');
INSERT INTO customer VALUES(default, 'van.moss@gmail.uk', 'van6479', 'Van', 'Moss', '07700900177', '1977-06-04', 'UK', 'Bradford', 'Male');
INSERT INTO customer VALUES(default, 'roger.roman@gmail.uk', 'roge5135', 'Roger', 'Roman', '07700900936', '1978-05-04', 'UK', 'Wigan', 'Female');
INSERT INTO customer VALUES(default, 'ignacio.bullock@gmail.uk', 'igna8446', 'Ignacio', 'Bullock', '07700900167', '1984-09-16', 'UK', 'Nottingham', 'Female');
INSERT INTO customer VALUES(default, 'jaydon.beltran@gmail.uk', 'jayd9428', 'Jaydon', 'Beltran', '07700900931', '1966-11-10', 'UK', 'Birmingham', 'Female');
INSERT INTO customer VALUES(default, 'serenity.anderson@gmail.uk', 'sere5806', 'Serenity', 'Anderson', '07700900331', '1975-04-10', 'UK', 'Kirklees', 'Male');
INSERT INTO customer VALUES(default, 'leslie.ashley@gmail.uk', 'lesl8065', 'Leslie', 'Ashley', '07700900289', '1988-08-08', 'UK', 'Wigan', 'Male');
INSERT INTO customer VALUES(default, 'craig.carney@gmail.uk', 'crai4126', 'Craig', 'Carney', '07700900023', '1988-01-05', 'UK', 'Belfast', 'Male');
INSERT INTO customer VALUES(default, 'lilyana.joseph@gmail.uk', 'lily3500', 'Lilyana', 'Joseph', '07700900632', '1961-03-12', 'UK', 'South Lanarkshire', 'Male');
INSERT INTO customer VALUES(default, 'jacey.ibarra@gmail.uk', 'jace2936', 'Jacey', 'Ibarra', '07700900321', '1979-12-16', 'UK', 'Liverpool', 'Male');
INSERT INTO customer VALUES(default, 'liberty.marquez@gmail.uk', 'libe1886', 'Liberty', 'Marquez', '07700900076', '1989-08-17', 'UK', 'Wirral', 'Female');
INSERT INTO customer VALUES(default, 'antonio.hughes@gmail.uk', 'anto2171', 'Antonio', 'Hughes', '07700900817', '1964-05-06', 'UK', 'Edinburgh', 'Female');
INSERT INTO customer VALUES(default, 'jaylen.fritz@gmail.uk', 'jayl8373', 'Jaylen', 'Fritz', '07700900463', '1987-11-23', 'UK', 'North Lanarkshire', 'Male');
INSERT INTO customer VALUES(default, 'gloria.medina@gmail.uk', 'glor5682', 'Gloria', 'Medina', '07700900741', '1967-10-03', 'UK', 'Stockport', 'Male');
INSERT INTO customer VALUES(default, 'jordon.middleton@gmail.uk', 'jord2455', 'Jordon', 'Middleton', '07700900344', '1982-03-14', 'UK', 'Stockport', 'Male');
INSERT INTO customer VALUES(default, 'ryan.camacho@gmail.uk', 'ryan3402', 'Ryan', 'Camacho', '07700900536', '1984-05-18', 'UK', 'Wirral', 'Female');
INSERT INTO customer VALUES(default, 'manuel.beard@gmail.uk', 'manu2688', 'Manuel', 'Beard', '07700900444', '1972-10-19', 'UK', 'Manchester', 'Male');
INSERT INTO customer VALUES(default, 'litzy.barber@gmail.uk', 'litz3636', 'Litzy', 'Barber', '07700900549', '1997-02-19', 'UK', 'Kirklees', 'Male');
INSERT INTO customer VALUES(default, 'jett.mcmillan@gmail.uk', 'jett8750', 'Jett', 'Mcmillan', '07700900070', '1965-01-04', 'UK', 'Sunderland', 'Female');
INSERT INTO customer VALUES(default, 'mallory.garrison@gmail.uk', 'mall6402', 'Mallory', 'Garrison', '07700900261', '1950-12-15', 'UK', 'Kirklees', 'Female');
INSERT INTO customer VALUES(default, 'pierre.reeves@gmail.uk', 'pier4140', 'Pierre', 'Reeves', '07700900620', '1972-02-04', 'UK', 'Nottingham', 'Male');
INSERT INTO customer VALUES(default, 'carleigh.short@gmail.uk', 'carl3053', 'Carleigh', 'Short', '07700900880', '1961-06-03', 'UK', 'Leicester', 'Male');
INSERT INTO customer VALUES(default, 'rihanna.kane@gmail.uk', 'riha9266', 'Rihanna', 'Kane', '07700900432', '1978-01-09', 'UK', 'Leicester', 'Male');
INSERT INTO customer VALUES(default, 'eden.mcmillan@gmail.uk', 'eden4869', 'Eden', 'Mcmillan', '07700900136', '1956-11-04', 'UK', 'Coventry', 'Male');
INSERT INTO customer VALUES(default, 'nathanial.larson@gmail.uk', 'nath6374', 'Nathanial', 'Larson', '07700900159', '1962-07-25', 'UK', 'Wakefield', 'Male');
INSERT INTO customer VALUES(default, 'eileen.jefferson@gmail.uk', 'eile2221', 'Eileen', 'Jefferson', '07700900380', '1994-09-22', 'UK', 'Sefton', 'Female');
INSERT INTO customer VALUES(default, 'kale.montgomery@gmail.uk', 'kale8478', 'Kale', 'Montgomery', '07700900864', '1953-08-18', 'UK', 'East Riding', 'Female');
INSERT INTO customer VALUES(default, 'sage.sanders@gmail.uk', 'sage7832', 'Sage', 'Sanders', '07700900261', '1977-01-20', 'UK', 'Doncaster', 'Female');
INSERT INTO customer VALUES(default, 'colin.mcguire@gmail.uk', 'coli3861', 'Colin', 'Mcguire', '07700900619', '1967-05-23', 'UK', 'Sunderland', 'Male');
INSERT INTO customer VALUES(default, 'maria.zavala@gmail.uk', 'mari6018', 'Maria', 'Zavala', '07700900156', '1978-08-05', 'UK', 'Cardiff', 'Male');
INSERT INTO customer VALUES(default, 'randall.boone@gmail.uk', 'rand3252', 'Randall', 'Boone', '07700900265', '1981-12-23', 'UK', 'Edinburgh', 'Male');



-- ---------------------            ORDERPLACED TABLE             ---------------------

-- table structure:order_id, order_date, status, payment_method, amount_eur, customer_id, employee_id
ALTER TABLE orderPlaced AUTO_INCREMENT=50000000;

INSERT INTO orderPlaced VALUES(default, '2018-01-04', 'completed', 'credit card', 38788, 30081, 2000);
INSERT INTO orderPlaced VALUES(default, '2018-01-21', 'completed', 'credit card', 1868.61, 30295, 2003);
INSERT INTO orderPlaced VALUES(default, '2018-01-22', 'completed', 'buy now pay later', 14572.71, 30183, 2000);
INSERT INTO orderPlaced VALUES(default, '2018-02-06', 'completed', 'credit card', 7319.34, 30157, 2001);
INSERT INTO orderPlaced VALUES(default, '2018-02-09', 'cancelled', 'debit card', 1613.98, 30110, 2001);
INSERT INTO orderPlaced VALUES(default, '2018-02-09', 'refunded', 'buy now pay later', 3168.12, 30182, 2004);
INSERT INTO orderPlaced VALUES(default, '2018-02-13', 'completed', 'eWallet', 1217.13, 30239, 2001);
INSERT INTO orderPlaced VALUES(default, '2018-02-15', 'completed', 'buy now pay later', 6961.6, 30045, 2001);
INSERT INTO orderPlaced VALUES(default, '2018-02-17', 'completed', 'buy now pay later', 22233.42, 30246, 2001);
INSERT INTO orderPlaced VALUES(default, '2018-02-22', 'completed', 'eWallet', 6163.52, 30259, 2002);
INSERT INTO orderPlaced VALUES(default, '2018-02-24', 'completed', 'eWallet', 11959.08, 30294, 2000);
INSERT INTO orderPlaced VALUES(default, '2018-03-16', 'completed', 'bank transfer', 3140.07, 30119, 2004);
INSERT INTO orderPlaced VALUES(default, '2018-04-11', 'completed', 'bank transfer', 8881.17, 30186, 2002);
INSERT INTO orderPlaced VALUES(default, '2018-04-18', 'completed', 'eWallet', 3283.83, 30250, 2002);
INSERT INTO orderPlaced VALUES(default, '2018-04-23', 'completed', 'debit card', 20151.28, 30204, 2000);
INSERT INTO orderPlaced VALUES(default, '2018-04-23', 'completed', 'credit card', 59.94, 30258, 2002);
INSERT INTO orderPlaced VALUES(default, '2018-05-24', 'completed', 'buy now pay later', 4801.06, 30009, 2001);
INSERT INTO orderPlaced VALUES(default, '2018-06-11', 'completed', 'buy now pay later', 13007.8, 30267, 2006);
INSERT INTO orderPlaced VALUES(default, '2018-06-16', 'completed', 'debit card', 3858.07, 30285, 2007);
INSERT INTO orderPlaced VALUES(default, '2018-06-20', 'completed', 'eWallet', 1536.86, 30244, 2008);
INSERT INTO orderPlaced VALUES(default, '2018-06-20', 'completed', 'bank transfer', 1940.25, 30119, 2008);
INSERT INTO orderPlaced VALUES(default, '2018-06-24', 'completed', 'debit card', 12693.18, 30180, 2005);
INSERT INTO orderPlaced VALUES(default, '2018-07-06', 'completed', 'bank transfer', 1021.44, 30285, 2007);
INSERT INTO orderPlaced VALUES(default, '2018-07-11', 'completed', 'debit card', 6978.36, 30143, 2007);
INSERT INTO orderPlaced VALUES(default, '2018-07-14', 'completed', 'debit card', 11551.42, 30094, 2004);
INSERT INTO orderPlaced VALUES(default, '2018-07-17', 'completed', 'bank transfer', 769.23, 30116, 2005);
INSERT INTO orderPlaced VALUES(default, '2018-07-19', 'completed', 'buy now pay later', 6088.38, 30002, 2005);
INSERT INTO orderPlaced VALUES(default, '2018-08-13', 'completed', 'credit card', 6653.34, 30105, 2004);
INSERT INTO orderPlaced VALUES(default, '2018-08-17', 'completed', 'credit card', 18527.03, 30257, 2008);
INSERT INTO orderPlaced VALUES(default, '2018-09-06', 'completed', 'debit card', 868.26, 30059, 2004);
INSERT INTO orderPlaced VALUES(default, '2018-09-07', 'completed', 'bank transfer', 2749.63, 30286, 2005);
INSERT INTO orderPlaced VALUES(default, '2018-09-08', 'refunded', 'credit card', 6349.42, 30244, 2001);
INSERT INTO orderPlaced VALUES(default, '2018-09-12', 'completed', 'eWallet', 10618.41, 30021, 2005);
INSERT INTO orderPlaced VALUES(default, '2018-09-16', 'completed', 'bank transfer', 10634.79, 30017, 2008);
INSERT INTO orderPlaced VALUES(default, '2018-09-22', 'completed', 'debit card', 615.78, 30162, 2007);
INSERT INTO orderPlaced VALUES(default, '2018-09-22', 'completed', 'debit card', 8771.98, 30099, 2003);
INSERT INTO orderPlaced VALUES(default, '2018-10-10', 'completed', 'credit card', 1468.53, 30041, 2007);
INSERT INTO orderPlaced VALUES(default, '2018-10-17', 'completed', 'buy now pay later', 6283.71, 30103, 2008);
INSERT INTO orderPlaced VALUES(default, '2018-10-25', 'completed', 'bank transfer', 6163.83, 30223, 2008);
INSERT INTO orderPlaced VALUES(default, '2018-11-09', 'completed', 'debit card', 6856.02, 30246, 2000);
INSERT INTO orderPlaced VALUES(default, '2018-11-09', 'completed', 'bank transfer', 5462.01, 30045, 2002);
INSERT INTO orderPlaced VALUES(default, '2018-11-10', 'completed', 'bank transfer', 10202.25, 30275, 2006);
INSERT INTO orderPlaced VALUES(default, '2018-11-17', 'cancelled', 'eWallet', 8455.37, 30117, 2006);
INSERT INTO orderPlaced VALUES(default, '2018-11-23', 'cancelled', 'credit card', 9545.84, 30124, 2008);
INSERT INTO orderPlaced VALUES(default, '2018-12-06', 'completed', 'buy now pay later', 5419.48, 30147, 2013);
INSERT INTO orderPlaced VALUES(default, '2018-12-12', 'completed', 'eWallet', 7039.19, 30081, 2003);
INSERT INTO orderPlaced VALUES(default, '2018-12-17', 'completed', 'credit card', 4366.62, 30194, 2002);
INSERT INTO orderPlaced VALUES(default, '2018-12-23', 'completed', 'credit card', 7977.52, 30117, 2004);
INSERT INTO orderPlaced VALUES(default, '2019-01-05', 'refunded', 'debit card', 14794.13, 30039, 2000);
INSERT INTO orderPlaced VALUES(default, '2019-01-12', 'completed', 'debit card', 746.46, 30252, 2014);
INSERT INTO orderPlaced VALUES(default, '2019-01-19', 'refunded', 'eWallet', 4889.09, 30231, 2004);
INSERT INTO orderPlaced VALUES(default, '2019-01-23', 'completed', 'bank transfer', 6001.67, 30155, 2008);
INSERT INTO orderPlaced VALUES(default, '2019-01-25', 'completed', 'eWallet', 19907.5, 30242, 2011);
INSERT INTO orderPlaced VALUES(default, '2019-02-07', 'completed', 'bank transfer', 1837.7, 30295, 2008);
INSERT INTO orderPlaced VALUES(default, '2019-02-07', 'completed', 'eWallet', 6021.9, 30119, 2012);
INSERT INTO orderPlaced VALUES(default, '2019-02-14', 'completed', 'bank transfer', 2841.63, 30108, 2000);
INSERT INTO orderPlaced VALUES(default, '2019-02-20', 'completed', 'buy now pay later', 30286.15, 30280, 2008);
INSERT INTO orderPlaced VALUES(default, '2019-03-02', 'completed', 'eWallet', 6443.55, 30227, 2010);
INSERT INTO orderPlaced VALUES(default, '2019-03-10', 'completed', 'bank transfer', 7952.83, 30023, 2008);
INSERT INTO orderPlaced VALUES(default, '2019-03-17', 'completed', 'buy now pay later', 18362.58, 30017, 2014);
INSERT INTO orderPlaced VALUES(default, '2019-03-19', 'completed', 'bank transfer', 8208.03, 30067, 2001);
INSERT INTO orderPlaced VALUES(default, '2019-04-06', 'completed', 'eWallet', 7942.06, 30120, 2003);
INSERT INTO orderPlaced VALUES(default, '2019-04-10', 'cancelled', 'bank transfer', 10382.89, 30233, 2012);
INSERT INTO orderPlaced VALUES(default, '2019-04-16', 'completed', 'credit card', 4570.28, 30033, 2012);
INSERT INTO orderPlaced VALUES(default, '2019-05-01', 'completed', 'buy now pay later', 8738.8, 30189, 2004);
INSERT INTO orderPlaced VALUES(default, '2019-05-02', 'completed', 'eWallet', 8222.15, 30285, 2009);
INSERT INTO orderPlaced VALUES(default, '2019-05-15', 'completed', 'credit card', 9523.97, 30290, 2010);
INSERT INTO orderPlaced VALUES(default, '2019-06-01', 'completed', 'bank transfer', 2737.14, 30178, 2006);
INSERT INTO orderPlaced VALUES(default, '2019-06-05', 'completed', 'buy now pay later', 5764.23, 30018, 2010);
INSERT INTO orderPlaced VALUES(default, '2019-06-09', 'completed', 'debit card', 4075.92, 30065, 2011);
INSERT INTO orderPlaced VALUES(default, '2019-06-10', 'completed', 'debit card', 27482.69, 30012, 2005);
INSERT INTO orderPlaced VALUES(default, '2019-06-12', 'completed', 'buy now pay later', 3346.65, 30101, 2011);
INSERT INTO orderPlaced VALUES(default, '2019-06-19', 'completed', 'credit card', 21342.99, 30110, 2003);
INSERT INTO orderPlaced VALUES(default, '2019-06-23', 'completed', 'debit card', 3340.54, 30132, 2009);
INSERT INTO orderPlaced VALUES(default, '2019-07-03', 'cancelled', 'buy now pay later', 15894.09, 30152, 2013);
INSERT INTO orderPlaced VALUES(default, '2019-07-17', 'cancelled', 'credit card', 2997, 30290, 2004);
INSERT INTO orderPlaced VALUES(default, '2019-07-17', 'cancelled', 'buy now pay later', 14753.99, 30217, 2010);
INSERT INTO orderPlaced VALUES(default, '2019-08-05', 'cancelled', 'buy now pay later', 1771.64, 30240, 2007);
INSERT INTO orderPlaced VALUES(default, '2019-08-12', 'cancelled', 'eWallet', 15174.09, 30222, 2005);
INSERT INTO orderPlaced VALUES(default, '2019-08-13', 'cancelled', 'buy now pay later', 2780.52, 30135, 2001);
INSERT INTO orderPlaced VALUES(default, '2019-08-15', 'completed', 'buy now pay later', 2125.34, 30269, 2010);
INSERT INTO orderPlaced VALUES(default, '2019-08-19', 'completed', 'debit card', 4593.89, 30065, 2007);
INSERT INTO orderPlaced VALUES(default, '2019-09-03', 'completed', 'eWallet', 32433.69, 30051, 2022);
INSERT INTO orderPlaced VALUES(default, '2019-09-07', 'completed', 'eWallet', 2917.08, 30030, 2011);
INSERT INTO orderPlaced VALUES(default, '2019-09-13', 'completed', 'credit card', 1708.1, 30034, 2022);
INSERT INTO orderPlaced VALUES(default, '2019-09-14', 'completed', 'buy now pay later', 8651.34, 30079, 2004);
INSERT INTO orderPlaced VALUES(default, '2019-09-17', 'completed', 'bank transfer', 323.64, 30122, 2023);
INSERT INTO orderPlaced VALUES(default, '2019-09-17', 'completed', 'debit card', 12447.99, 30211, 2015);
INSERT INTO orderPlaced VALUES(default, '2019-09-19', 'completed', 'buy now pay later', 7899.84, 30226, 2014);
INSERT INTO orderPlaced VALUES(default, '2019-09-23', 'refunded', 'credit card', 7630.45, 30296, 2000);
INSERT INTO orderPlaced VALUES(default, '2019-10-03', 'completed', 'eWallet', 7222.77, 30091, 2003);
INSERT INTO orderPlaced VALUES(default, '2019-10-10', 'completed', 'credit card', 19457.18, 30153, 2026);
INSERT INTO orderPlaced VALUES(default, '2019-10-15', 'refunded', 'credit card', 3563.54, 30139, 2000);
INSERT INTO orderPlaced VALUES(default, '2019-10-18', 'completed', 'eWallet', 809.19, 30152, 2020);
INSERT INTO orderPlaced VALUES(default, '2019-11-05', 'completed', 'debit card', 2428.03, 30235, 2000);
INSERT INTO orderPlaced VALUES(default, '2019-11-09', 'completed', 'eWallet', 25395.51, 30151, 2020);
INSERT INTO orderPlaced VALUES(default, '2019-11-16', 'completed', 'eWallet', 8564.94, 30259, 2006);
INSERT INTO orderPlaced VALUES(default, '2019-11-23', 'completed', 'bank transfer', 11257.49, 30224, 2003);
INSERT INTO orderPlaced VALUES(default, '2019-12-03', 'completed', 'debit card', 1035.26, 30013, 2023);
INSERT INTO orderPlaced VALUES(default, '2019-12-15', 'completed', 'bank transfer', 8161.09, 30081, 2010);
INSERT INTO orderPlaced VALUES(default, '2019-12-18', 'completed', 'credit card', 4275.72, 30115, 2003);
INSERT INTO orderPlaced VALUES(default, '2019-12-25', 'completed', 'buy now pay later', 3011.65, 30127, 2004);
INSERT INTO orderPlaced VALUES(default, '2020-01-03', 'completed', 'eWallet', 28723.54, 30236, 2021);
INSERT INTO orderPlaced VALUES(default, '2020-01-05', 'completed', 'buy now pay later', 13664.3, 30219, 2002);
INSERT INTO orderPlaced VALUES(default, '2020-02-06', 'completed', 'buy now pay later', 5281.32, 30055, 2025);
INSERT INTO orderPlaced VALUES(default, '2020-02-11', 'completed', 'credit card', 11348.41, 30141, 2007);
INSERT INTO orderPlaced VALUES(default, '2020-02-13', 'completed', 'buy now pay later', 12884.79, 30044, 2005);
INSERT INTO orderPlaced VALUES(default, '2020-02-17', 'completed', 'buy now pay later', 14707, 30014, 2016);
INSERT INTO orderPlaced VALUES(default, '2020-03-08', 'completed', 'eWallet', 1468.62, 30097, 2002);
INSERT INTO orderPlaced VALUES(default, '2020-03-18', 'completed', 'buy now pay later', 12045.39, 30099, 2017);
INSERT INTO orderPlaced VALUES(default, '2020-04-02', 'completed', 'credit card', 7734.32, 30159, 2014);
INSERT INTO orderPlaced VALUES(default, '2020-04-03', 'completed', 'bank transfer', 50040.89, 30264, 2030);
INSERT INTO orderPlaced VALUES(default, '2020-04-12', 'completed', 'buy now pay later', 22911.83, 30245, 2005);
INSERT INTO orderPlaced VALUES(default, '2020-04-15', 'completed', 'buy now pay later', 1460.34, 30167, 2002);
INSERT INTO orderPlaced VALUES(default, '2020-04-16', 'completed', 'buy now pay later', 14648.06, 30162, 2029);
INSERT INTO orderPlaced VALUES(default, '2020-04-25', 'completed', 'bank transfer', 11969.19, 30106, 2025);
INSERT INTO orderPlaced VALUES(default, '2020-05-02', 'completed', 'eWallet', 2326.12, 30002, 2009);
INSERT INTO orderPlaced VALUES(default, '2020-05-03', 'completed', 'credit card', 4229.47, 30176, 2025);
INSERT INTO orderPlaced VALUES(default, '2020-05-03', 'completed', 'eWallet', 16706.02, 30269, 2035);
INSERT INTO orderPlaced VALUES(default, '2020-05-11', 'completed', 'credit card', 7.98, 30057, 2032);
INSERT INTO orderPlaced VALUES(default, '2020-05-17', 'completed', 'bank transfer', 29791.94, 30004, 2036);
INSERT INTO orderPlaced VALUES(default, '2020-05-22', 'completed', 'buy now pay later', 1465.1, 30073, 2035);
INSERT INTO orderPlaced VALUES(default, '2020-05-24', 'refunded', 'buy now pay later', 2121.65, 30141, 2033);
INSERT INTO orderPlaced VALUES(default, '2020-05-24', 'completed', 'eWallet', 4750.48, 30121, 2018);
INSERT INTO orderPlaced VALUES(default, '2020-06-01', 'completed', 'buy now pay later', 19990, 30076, 2027);
INSERT INTO orderPlaced VALUES(default, '2020-06-03', 'completed', 'buy now pay later', 4895.1, 30283, 2027);
INSERT INTO orderPlaced VALUES(default, '2020-06-09', 'cancelled', 'debit card', 17563.46, 30184, 2028);
INSERT INTO orderPlaced VALUES(default, '2020-06-10', 'completed', 'debit card', 7129.6, 30254, 2014);
INSERT INTO orderPlaced VALUES(default, '2020-07-02', 'completed', 'bank transfer', 1744.06, 30058, 2034);
INSERT INTO orderPlaced VALUES(default, '2020-07-15', 'completed', 'credit card', 414.96, 30289, 2026);
INSERT INTO orderPlaced VALUES(default, '2020-07-25', 'completed', 'eWallet', 6913.31, 30215, 2012);
INSERT INTO orderPlaced VALUES(default, '2020-08-15', 'completed', 'bank transfer', 5573.77, 30296, 2025);
INSERT INTO orderPlaced VALUES(default, '2020-08-15', 'completed', 'buy now pay later', 6953.03, 30086, 2010);
INSERT INTO orderPlaced VALUES(default, '2020-08-22', 'completed', 'debit card', 4456.55, 30180, 2028);
INSERT INTO orderPlaced VALUES(default, '2020-08-22', 'completed', 'debit card', 1692.46, 30084, 2032);
INSERT INTO orderPlaced VALUES(default, '2020-08-23', 'completed', 'eWallet', 34257.7, 30008, 2024);
INSERT INTO orderPlaced VALUES(default, '2020-09-13', 'completed', 'bank transfer', 13625.91, 30126, 2029);
INSERT INTO orderPlaced VALUES(default, '2020-09-21', 'completed', 'debit card', 15639.84, 30140, 2028);
INSERT INTO orderPlaced VALUES(default, '2020-10-02', 'completed', 'eWallet', 5320.92, 30237, 2024);
INSERT INTO orderPlaced VALUES(default, '2020-10-10', 'completed', 'buy now pay later', 12172.89, 30126, 2025);
INSERT INTO orderPlaced VALUES(default, '2020-10-13', 'completed', 'eWallet', 6794.91, 30287, 2032);
INSERT INTO orderPlaced VALUES(default, '2020-10-16', 'completed', 'credit card', 6666.44, 30043, 2002);
INSERT INTO orderPlaced VALUES(default, '2020-10-19', 'completed', 'eWallet', 465.66, 30007, 2025);
INSERT INTO orderPlaced VALUES(default, '2020-10-23', 'refunded', 'eWallet', 7804.74, 30178, 2015);
INSERT INTO orderPlaced VALUES(default, '2020-10-25', 'completed', 'credit card', 3436.56, 30175, 2020);
INSERT INTO orderPlaced VALUES(default, '2020-11-01', 'completed', 'eWallet', 3028.93, 30050, 2036);
INSERT INTO orderPlaced VALUES(default, '2020-11-05', 'completed', 'debit card', 6345.26, 30150, 2024);
INSERT INTO orderPlaced VALUES(default, '2020-11-05', 'completed', 'credit card', 461.58, 30214, 2018);
INSERT INTO orderPlaced VALUES(default, '2020-11-12', 'completed', 'eWallet', 7137.63, 30025, 2002);
INSERT INTO orderPlaced VALUES(default, '2020-12-14', 'completed', 'credit card', 748.89, 30040, 2015);
INSERT INTO orderPlaced VALUES(default, '2020-12-21', 'completed', 'bank transfer', 13649.58, 30223, 2034);
INSERT INTO orderPlaced VALUES(default, '2021-01-04', 'completed', 'bank transfer', 17156.89, 30170, 2035);
INSERT INTO orderPlaced VALUES(default, '2021-01-19', 'completed', 'buy now pay later', 7371.67, 30040, 2027);
INSERT INTO orderPlaced VALUES(default, '2021-01-20', 'completed', 'credit card', 343.14, 30053, 2000);
INSERT INTO orderPlaced VALUES(default, '2021-01-23', 'completed', 'bank transfer', 12467.07, 30231, 2022);
INSERT INTO orderPlaced VALUES(default, '2021-02-08', 'completed', 'buy now pay later', 3110.54, 30101, 2032);
INSERT INTO orderPlaced VALUES(default, '2021-02-23', 'completed', 'buy now pay later', 3556.44, 30115, 2009);
INSERT INTO orderPlaced VALUES(default, '2021-03-03', 'completed', 'credit card', 4575.91, 30014, 2015);
INSERT INTO orderPlaced VALUES(default, '2021-03-12', 'completed', 'debit card', 14681.37, 30241, 2014);
INSERT INTO orderPlaced VALUES(default, '2021-03-14', 'completed', 'buy now pay later', 9880, 30120, 2006);
INSERT INTO orderPlaced VALUES(default, '2021-03-17', 'completed', 'bank transfer', 17427.18, 30031, 2034);
INSERT INTO orderPlaced VALUES(default, '2021-04-10', 'completed', 'credit card', 13067.97, 30274, 2036);
INSERT INTO orderPlaced VALUES(default, '2021-04-20', 'completed', 'eWallet', 20498.99, 30025, 2020);
INSERT INTO orderPlaced VALUES(default, '2021-05-03', 'completed', 'buy now pay later', 9519.43, 30152, 2026);
INSERT INTO orderPlaced VALUES(default, '2021-05-03', 'completed', 'buy now pay later', 16683.32, 30257, 2031);
INSERT INTO orderPlaced VALUES(default, '2021-05-06', 'completed', 'buy now pay later', 2148.61, 30118, 2018);
INSERT INTO orderPlaced VALUES(default, '2021-05-10', 'completed', 'buy now pay later', 23566.59, 30092, 2024);
INSERT INTO orderPlaced VALUES(default, '2021-05-14', 'completed', 'debit card', 10703.41, 30139, 2028);
INSERT INTO orderPlaced VALUES(default, '2021-06-12', 'completed', 'credit card', 10670.77, 30105, 2008);
INSERT INTO orderPlaced VALUES(default, '2021-06-17', 'completed', 'buy now pay later', 8203.44, 30238, 2026);
INSERT INTO orderPlaced VALUES(default, '2021-06-18', 'completed', 'bank transfer', 7789.44, 30251, 2024);
INSERT INTO orderPlaced VALUES(default, '2021-06-20', 'completed', 'debit card', 12354.44, 30197, 2010);
INSERT INTO orderPlaced VALUES(default, '2021-07-15', 'completed', 'credit card', 20163.19, 30120, 2008);
INSERT INTO orderPlaced VALUES(default, '2021-07-16', 'completed', 'eWallet', 5890.64, 30078, 2029);
INSERT INTO orderPlaced VALUES(default, '2021-07-19', 'completed', 'debit card', 4390.62, 30226, 2025);
INSERT INTO orderPlaced VALUES(default, '2021-07-21', 'completed', 'eWallet', 2327.42, 30078, 2026);
INSERT INTO orderPlaced VALUES(default, '2021-08-01', 'completed', 'debit card', 11574.21, 30187, 2006);
INSERT INTO orderPlaced VALUES(default, '2021-08-10', 'completed', 'buy now pay later', 20132.43, 30063, 2012);
INSERT INTO orderPlaced VALUES(default, '2021-08-11', 'cancelled', 'eWallet', 17650.36, 30050, 2037);
INSERT INTO orderPlaced VALUES(default, '2021-08-17', 'completed', 'bank transfer', 13861.13, 30292, 2031);
INSERT INTO orderPlaced VALUES(default, '2021-09-01', 'completed', 'debit card', 1770.08, 30126, 2010);
INSERT INTO orderPlaced VALUES(default, '2021-09-02', 'completed', 'bank transfer', 8428.97, 30196, 2043);
INSERT INTO orderPlaced VALUES(default, '2021-09-02', 'completed', 'buy now pay later', 17978.33, 30208, 2011);
INSERT INTO orderPlaced VALUES(default, '2021-09-12', 'completed', 'bank transfer', 15724.73, 30273, 2035);
INSERT INTO orderPlaced VALUES(default, '2021-09-18', 'completed', 'debit card', 2598.11, 30111, 2002);
INSERT INTO orderPlaced VALUES(default, '2021-11-09', 'completed', 'buy now pay later', 11052.18, 30205, 2009);
INSERT INTO orderPlaced VALUES(default, '2021-11-09', 'completed', 'credit card', 1198.8, 30048, 2036);
INSERT INTO orderPlaced VALUES(default, '2021-11-17', 'completed', 'bank transfer', 11369.18, 30128, 2032);
INSERT INTO orderPlaced VALUES(default, '2021-11-19', 'completed', 'eWallet', 6056.18, 30135, 2028);
INSERT INTO orderPlaced VALUES(default, '2021-12-01', 'completed', 'eWallet', 4325.67, 30207, 2029);
INSERT INTO orderPlaced VALUES(default, '2021-12-01', 'completed', 'credit card', 836.07, 30123, 2031);
INSERT INTO orderPlaced VALUES(default, '2021-12-05', 'completed', 'debit card', 1154.72, 30102, 2023);
INSERT INTO orderPlaced VALUES(default, '2021-12-10', 'completed', 'bank transfer', 6273.72, 30082, 2030);
INSERT INTO orderPlaced VALUES(default, '2021-12-12', 'completed', 'bank transfer', 3016.44, 30018, 2032);
INSERT INTO orderPlaced VALUES(default, '2021-12-17', 'completed', 'credit card', 1164.94, 30156, 2000);
INSERT INTO orderPlaced VALUES(default, '2022-01-05', 'completed', 'eWallet', 2607.39, 30122, 2012);
INSERT INTO orderPlaced VALUES(default, '2022-01-08', 'completed', 'buy now pay later', 29348.01, 30209, 2041);
INSERT INTO orderPlaced VALUES(default, '2022-01-10', 'completed', 'buy now pay later', 37411.86, 30223, 2010);
INSERT INTO orderPlaced VALUES(default, '2022-01-13', 'completed', 'debit card', 12662.76, 30133, 2025);
INSERT INTO orderPlaced VALUES(default, '2022-01-23', 'completed', 'bank transfer', 3677.63, 30248, 2014);
INSERT INTO orderPlaced VALUES(default, '2022-02-05', 'refunded', 'buy now pay later', 21.89, 30232, 2006);
INSERT INTO orderPlaced VALUES(default, '2022-02-06', 'completed', 'buy now pay later', 801.43, 30180, 2020);
INSERT INTO orderPlaced VALUES(default, '2022-02-11', 'completed', 'credit card', 9923.38, 30038, 2037);
INSERT INTO orderPlaced VALUES(default, '2022-02-18', 'completed', 'debit card', 1869.66, 30021, 2039);
INSERT INTO orderPlaced VALUES(default, '2022-02-23', 'completed', 'debit card', 20316.06, 30240, 2014);
INSERT INTO orderPlaced VALUES(default, '2022-03-04', 'completed', 'buy now pay later', 1428.15, 30246, 2016);
INSERT INTO orderPlaced VALUES(default, '2022-03-07', 'completed', 'bank transfer', 26372.93, 30033, 2015);
INSERT INTO orderPlaced VALUES(default, '2022-03-09', 'completed', 'buy now pay later', 7891.57, 30214, 2031);
INSERT INTO orderPlaced VALUES(default, '2022-03-16', 'completed', 'bank transfer', 582.47, 30197, 2039);
INSERT INTO orderPlaced VALUES(default, '2022-03-19', 'completed', 'eWallet', 21063.31, 30231, 2014);
INSERT INTO orderPlaced VALUES(default, '2022-03-24', 'completed', 'eWallet', 45.54, 30078, 2016);
INSERT INTO orderPlaced VALUES(default, '2022-04-09', 'completed', 'bank transfer', 10288.08, 30108, 2022);
INSERT INTO orderPlaced VALUES(default, '2022-04-14', 'completed', 'buy now pay later', 6268.37, 30019, 2021);
INSERT INTO orderPlaced VALUES(default, '2022-06-02', 'completed', 'eWallet', 8352.4, 30226, 2004);
INSERT INTO orderPlaced VALUES(default, '2022-06-06', 'completed', 'eWallet', 21807.69, 30269, 2001);
INSERT INTO orderPlaced VALUES(default, '2022-06-07', 'completed', 'buy now pay later', 29559.27, 30067, 2016);
INSERT INTO orderPlaced VALUES(default, '2022-06-09', 'completed', 'bank transfer', 1780.38, 30045, 2029);
INSERT INTO orderPlaced VALUES(default, '2022-06-21', 'completed', 'eWallet', 8284.26, 30033, 2042);
INSERT INTO orderPlaced VALUES(default, '2022-06-24', 'cancelled', 'eWallet', 7326.85, 30222, 2021);
INSERT INTO orderPlaced VALUES(default, '2022-07-03', 'completed', 'credit card', 22008.35, 30233, 2000);
INSERT INTO orderPlaced VALUES(default, '2022-07-09', 'completed', 'buy now pay later', 3028.21, 30185, 2024);
INSERT INTO orderPlaced VALUES(default, '2022-07-14', 'completed', 'credit card', 10546.54, 30199, 2001);
INSERT INTO orderPlaced VALUES(default, '2022-07-21', 'completed', 'eWallet', 3836.8, 30198, 2011);
INSERT INTO orderPlaced VALUES(default, '2022-08-02', 'completed', 'eWallet', 25208.58, 30144, 2007);
INSERT INTO orderPlaced VALUES(default, '2022-08-02', 'completed', 'buy now pay later', 1024.43, 30162, 2017);
INSERT INTO orderPlaced VALUES(default, '2022-08-03', 'completed', 'bank transfer', 9610.38, 30083, 2034);
INSERT INTO orderPlaced VALUES(default, '2022-08-11', 'completed', 'bank transfer', 21005.07, 30248, 2006);
INSERT INTO orderPlaced VALUES(default, '2022-09-02', 'completed', 'debit card', 3936.06, 30020, 2033);
INSERT INTO orderPlaced VALUES(default, '2022-09-20', 'completed', 'buy now pay later', 15766.53, 30039, 2044);
INSERT INTO orderPlaced VALUES(default, '2022-11-06', 'cancelled', 'debit card', 26815.51, 30096, 2008);
INSERT INTO orderPlaced VALUES(default, '2022-11-08', 'completed', 'eWallet', 2236.16, 30122, 2001);
INSERT INTO orderPlaced VALUES(default, '2022-11-17', 'completed', 'buy now pay later', 11917.24, 30035, 2001);
INSERT INTO orderPlaced VALUES(default, '2022-11-21', 'completed', 'credit card', 14221.76, 30015, 2048);
INSERT INTO orderPlaced VALUES(default, '2022-11-24', 'completed', 'credit card', 4998.15, 30203, 2025);
INSERT INTO orderPlaced VALUES(default, '2022-11-24', 'completed', 'eWallet', 7066.57, 30251, 2025);
INSERT INTO orderPlaced VALUES(default, '2022-11-24', 'completed', 'eWallet', 22311.6, 30056, 2006);
INSERT INTO orderPlaced VALUES(default, '2022-12-08', 'completed', 'debit card', 4366.43, 30269, 2024);
INSERT INTO orderPlaced VALUES(default, '2022-12-18', 'completed', 'eWallet', 1456.35, 30184, 2034);
INSERT INTO orderPlaced VALUES(default, '2022-12-20', 'completed', 'credit card', 9321.87, 30078, 2009);
INSERT INTO orderPlaced VALUES(default, '2022-12-25', 'completed', 'eWallet', 799.92, 30296, 2020);
INSERT INTO orderPlaced VALUES(default, '2023-01-16', 'completed', 'buy now pay later', 7502.61, 30225, 2001);
INSERT INTO orderPlaced VALUES(default, '2023-01-17', 'completed', 'credit card', 959.72, 30213, 2044);
INSERT INTO orderPlaced VALUES(default, '2023-01-20', 'completed', 'debit card', 17002.25, 30129, 2014);
INSERT INTO orderPlaced VALUES(default, '2023-01-20', 'completed', 'bank transfer', 29407.92, 30266, 2022);
INSERT INTO orderPlaced VALUES(default, '2023-01-21', 'completed', 'debit card', 17111.38, 30012, 2007);
INSERT INTO orderPlaced VALUES(default, '2023-01-25', 'completed', 'buy now pay later', 19994.64, 30138, 2006);
INSERT INTO orderPlaced VALUES(default, '2023-02-10', 'completed', 'eWallet', 19130.43, 30033, 2023);
INSERT INTO orderPlaced VALUES(default, '2023-02-16', 'completed', 'credit card', 20389.41, 30276, 2015);
INSERT INTO orderPlaced VALUES(default, '2023-02-20', 'completed', 'bank transfer', 15557.43, 30018, 2044);
INSERT INTO orderPlaced VALUES(default, '2023-03-05', 'completed', 'buy now pay later', 9753.1, 30260, 2001);
INSERT INTO orderPlaced VALUES(default, '2023-03-07', 'completed', 'bank transfer', 11925.24, 30087, 2009);
INSERT INTO orderPlaced VALUES(default, '2023-03-10', 'completed', 'bank transfer', 2304.91, 30128, 2007);
INSERT INTO orderPlaced VALUES(default, '2023-03-25', 'completed', 'buy now pay later', 12240.55, 30180, 2045);
INSERT INTO orderPlaced VALUES(default, '2023-04-01', 'completed', 'eWallet', 9661.57, 30084, 2041);
INSERT INTO orderPlaced VALUES(default, '2023-04-02', 'completed', 'bank transfer', 18651.66, 30119, 2024);
INSERT INTO orderPlaced VALUES(default, '2023-04-22', 'completed', 'debit card', 16939.08, 30274, 2000);
INSERT INTO orderPlaced VALUES(default, '2023-04-23', 'completed', 'debit card', 3916.08, 30235, 2051);
INSERT INTO orderPlaced VALUES(default, '2023-05-01', 'completed', 'debit card', 5124.87, 30085, 2044);
INSERT INTO orderPlaced VALUES(default, '2023-05-13', 'completed', 'credit card', 18111.83, 30061, 2034);
INSERT INTO orderPlaced VALUES(default, '2023-05-16', 'completed', 'credit card', 11063, 30213, 2027);
INSERT INTO orderPlaced VALUES(default, '2023-05-23', 'completed', 'eWallet', 8041.95, 30241, 2045);
INSERT INTO orderPlaced VALUES(default, '2023-06-07', 'completed', 'buy now pay later', 1768.23, 30219, 2024);
INSERT INTO orderPlaced VALUES(default, '2023-06-18', 'completed', 'buy now pay later', 19338.03, 30282, 2025);
INSERT INTO orderPlaced VALUES(default, '2023-07-05', 'completed', 'bank transfer', 1518.26, 30216, 2024);
INSERT INTO orderPlaced VALUES(default, '2023-07-06', 'completed', 'eWallet', 1588.02, 30075, 2037);
INSERT INTO orderPlaced VALUES(default, '2023-07-15', 'completed', 'debit card', 9739.44, 30206, 2033);
INSERT INTO orderPlaced VALUES(default, '2023-07-20', 'completed', 'credit card', 3481.73, 30222, 2056);
INSERT INTO orderPlaced VALUES(default, '2023-08-05', 'completed', 'eWallet', 6657.04, 30110, 2023);
INSERT INTO orderPlaced VALUES(default, '2023-08-19', 'completed', 'eWallet', 2582.65, 30242, 2046);
INSERT INTO orderPlaced VALUES(default, '2023-08-19', 'completed', 'eWallet', 11561.1, 30290, 2045);
INSERT INTO orderPlaced VALUES(default, '2023-09-06', 'completed', 'buy now pay later', 7711.31, 30106, 2009);
INSERT INTO orderPlaced VALUES(default, '2023-09-08', 'completed', 'eWallet', 20450.68, 30073, 2040);
INSERT INTO orderPlaced VALUES(default, '2023-09-15', 'completed', 'credit card', 15453.97, 30210, 2014);
INSERT INTO orderPlaced VALUES(default, '2023-09-16', 'cancelled', 'debit card', 8792.37, 30221, 2052);
INSERT INTO orderPlaced VALUES(default, '2023-09-23', 'completed', 'buy now pay later', 13720.79, 30231, 2051);
INSERT INTO orderPlaced VALUES(default, '2023-10-03', 'completed', 'buy now pay later', 1898.1, 30244, 2019);
INSERT INTO orderPlaced VALUES(default, '2023-10-05', 'completed', 'credit card', 19495.62, 30169, 2021);
INSERT INTO orderPlaced VALUES(default, '2023-10-08', 'completed', 'eWallet', 6745.5, 30011, 2017);
INSERT INTO orderPlaced VALUES(default, '2023-10-16', 'completed', 'buy now pay later', 18864.24, 30215, 2013);
INSERT INTO orderPlaced VALUES(default, '2023-10-16', 'completed', 'credit card', 10902.08, 30200, 2016);
INSERT INTO orderPlaced VALUES(default, '2023-10-19', 'completed', 'credit card', 541.26, 30266, 2035);
INSERT INTO orderPlaced VALUES(default, '2023-10-21', 'completed', 'eWallet', 13110.95, 30252, 2048);
INSERT INTO orderPlaced VALUES(default, '2023-10-23', 'completed', 'bank transfer', 7848.27, 30282, 2051);
INSERT INTO orderPlaced VALUES(default, '2023-10-25', 'completed', 'debit card', 8852.31, 30257, 2055);
INSERT INTO orderPlaced VALUES(default, '2023-11-05', 'completed', 'debit card', 13164.59, 30087, 2014);
INSERT INTO orderPlaced VALUES(default, '2023-11-07', 'completed', 'buy now pay later', 17452.12, 30260, 2015);
INSERT INTO orderPlaced VALUES(default, '2023-11-20', 'completed', 'eWallet', 2725.52, 30083, 2006);
INSERT INTO orderPlaced VALUES(default, '2023-12-01', 'pending', 'buy now pay later', 9918.76, 30007, 2008);
INSERT INTO orderPlaced VALUES(default, '2023-12-19', 'pending', 'bank transfer', 32546.99, 30071, 2056);
INSERT INTO orderPlaced VALUES(default, '2023-12-21', 'pending', 'buy now pay later', 3180.03, 30075, 2034);
INSERT INTO orderPlaced VALUES(default, '2023-12-21', 'pending', 'buy now pay later', 587.07, 30263, 2011);





-- ---------------------            BOOKORDER TABLE             ---------------------

-- table structure: book_id, order_id, quantity, unit_price_eur

INSERT INTO bookOrder VALUES(20000060, 50000000, 907, 7.99);
INSERT INTO bookOrder VALUES(20000063, 50000000, 95, 3.99);
INSERT INTO bookOrder VALUES(20000056, 50000000, 659, 14.99);
INSERT INTO bookOrder VALUES(20000058, 50000000, 816, 13.99);
INSERT INTO bookOrder VALUES(20000034, 50000000, 823, 11.99);
INSERT INTO bookOrder VALUES(20000073, 50000001, 939, 1.99);
INSERT INTO bookOrder VALUES(20000049, 50000002, 729, 19.99);
INSERT INTO bookOrder VALUES(20000012, 50000003, 666, 10.99);
INSERT INTO bookOrder VALUES(20000060, 50000004, 202, 7.99);
INSERT INTO bookOrder VALUES(20000063, 50000005, 451, 3.99);
INSERT INTO bookOrder VALUES(20000021, 50000005, 137, 9.99);
INSERT INTO bookOrder VALUES(20000003, 50000006, 87, 13.99);
INSERT INTO bookOrder VALUES(20000001, 50000007, 471, 12.99);
INSERT INTO bookOrder VALUES(20000061, 50000007, 169, 4.99);
INSERT INTO bookOrder VALUES(20000030, 50000008, 543, 8.99);
INSERT INTO bookOrder VALUES(20000064, 50000008, 776, 9.99);
INSERT INTO bookOrder VALUES(20000001, 50000008, 739, 12.99);
INSERT INTO bookOrder VALUES(20000064, 50000009, 603, 9.99);
INSERT INTO bookOrder VALUES(20000019, 50000009, 25, 3.99);
INSERT INTO bookOrder VALUES(20000071, 50000009, 20, 1.99);
INSERT INTO bookOrder VALUES(20000076, 50000010, 238, 17.99);
INSERT INTO bookOrder VALUES(20000030, 50000010, 854, 8.99);
INSERT INTO bookOrder VALUES(20000040, 50000011, 393, 7.99);
INSERT INTO bookOrder VALUES(20000017, 50000012, 742, 3.99);
INSERT INTO bookOrder VALUES(20000039, 50000012, 741, 7.99);
INSERT INTO bookOrder VALUES(20000048, 50000013, 124, 18.99);
INSERT INTO bookOrder VALUES(20000041, 50000013, 93, 9.99);
INSERT INTO bookOrder VALUES(20000010, 50000014, 531, 9.99);
INSERT INTO bookOrder VALUES(20000046, 50000014, 971, 15.29);
INSERT INTO bookOrder VALUES(20000067, 50000015, 6, 9.99);
INSERT INTO bookOrder VALUES(20000046, 50000016, 314, 15.29);
INSERT INTO bookOrder VALUES(20000011, 50000017, 820, 10.99);
INSERT INTO bookOrder VALUES(20000070, 50000017, 400, 9.99);
INSERT INTO bookOrder VALUES(20000049, 50000018, 193, 19.99);
INSERT INTO bookOrder VALUES(20000051, 50000019, 514, 2.99);
INSERT INTO bookOrder VALUES(20000074, 50000020, 975, 1.99);
INSERT INTO bookOrder VALUES(20000069, 50000021, 185, 9.99);
INSERT INTO bookOrder VALUES(20000063, 50000021, 209, 3.99);
INSERT INTO bookOrder VALUES(20000034, 50000021, 165, 11.99);
INSERT INTO bookOrder VALUES(20000077, 50000021, 423, 18.99);
INSERT INTO bookOrder VALUES(20000062, 50000022, 256, 3.99);
INSERT INTO bookOrder VALUES(20000036, 50000023, 654, 8.99);
INSERT INTO bookOrder VALUES(20000024, 50000023, 110, 9.99);
INSERT INTO bookOrder VALUES(20000052, 50000024, 379, 4.99);
INSERT INTO bookOrder VALUES(20000011, 50000024, 879, 10.99);
INSERT INTO bookOrder VALUES(20000010, 50000025, 77, 9.99);
INSERT INTO bookOrder VALUES(20000027, 50000026, 762, 7.99);
INSERT INTO bookOrder VALUES(20000070, 50000027, 666, 9.99);
INSERT INTO bookOrder VALUES(20000070, 50000028, 532, 9.99);
INSERT INTO bookOrder VALUES(20000045, 50000028, 575, 10.99);
INSERT INTO bookOrder VALUES(20000024, 50000028, 690, 9.99);
INSERT INTO bookOrder VALUES(20000052, 50000029, 174, 4.99);
INSERT INTO bookOrder VALUES(20000030, 50000030, 281, 8.99);
INSERT INTO bookOrder VALUES(20000017, 50000030, 56, 3.99);
INSERT INTO bookOrder VALUES(20000014, 50000031, 372, 14.99);
INSERT INTO bookOrder VALUES(20000036, 50000031, 86, 8.99);
INSERT INTO bookOrder VALUES(20000015, 50000032, 759, 13.99);
INSERT INTO bookOrder VALUES(20000011, 50000033, 567, 10.99);
INSERT INTO bookOrder VALUES(20000052, 50000033, 84, 4.99);
INSERT INTO bookOrder VALUES(20000009, 50000033, 592, 0.99);
INSERT INTO bookOrder VALUES(20000028, 50000033, 378, 8.99);
INSERT INTO bookOrder VALUES(20000009, 50000034, 622, 0.99);
INSERT INTO bookOrder VALUES(20000072, 50000035, 405, 1.99);
INSERT INTO bookOrder VALUES(20000027, 50000035, 997, 7.99);
INSERT INTO bookOrder VALUES(20000043, 50000036, 147, 9.99);
INSERT INTO bookOrder VALUES(20000067, 50000037, 629, 9.99);
INSERT INTO bookOrder VALUES(20000065, 50000038, 617, 9.99);
INSERT INTO bookOrder VALUES(20000009, 50000039, 13, 0.99);
INSERT INTO bookOrder VALUES(20000000, 50000039, 685, 9.99);
INSERT INTO bookOrder VALUES(20000009, 50000040, 709, 0.99);
INSERT INTO bookOrder VALUES(20000062, 50000040, 589, 3.99);
INSERT INTO bookOrder VALUES(20000033, 50000040, 201, 11.99);
INSERT INTO bookOrder VALUES(20000034, 50000041, 479, 11.99);
INSERT INTO bookOrder VALUES(20000026, 50000041, 496, 8.99);
INSERT INTO bookOrder VALUES(20000046, 50000042, 553, 15.29);
INSERT INTO bookOrder VALUES(20000002, 50000043, 578, 11.99);
INSERT INTO bookOrder VALUES(20000012, 50000043, 238, 10.99);
INSERT INTO bookOrder VALUES(20000034, 50000044, 452, 11.99);
INSERT INTO bookOrder VALUES(20000027, 50000045, 881, 7.99);
INSERT INTO bookOrder VALUES(20000051, 50000046, 972, 2.99);
INSERT INTO bookOrder VALUES(20000019, 50000046, 366, 3.99);
INSERT INTO bookOrder VALUES(20000021, 50000047, 113, 9.99);
INSERT INTO bookOrder VALUES(20000003, 50000047, 228, 13.99);
INSERT INTO bookOrder VALUES(20000028, 50000047, 407, 8.99);
INSERT INTO bookOrder VALUES(20000065, 50000048, 918, 9.99);
INSERT INTO bookOrder VALUES(20000002, 50000048, 469, 11.99);
INSERT INTO bookOrder VALUES(20000008, 50000049, 754, 0.99);
INSERT INTO bookOrder VALUES(20000072, 50000050, 81, 1.99);
INSERT INTO bookOrder VALUES(20000074, 50000050, 920, 1.99);
INSERT INTO bookOrder VALUES(20000064, 50000050, 290, 9.99);
INSERT INTO bookOrder VALUES(20000025, 50000051, 149, 8.99);
INSERT INTO bookOrder VALUES(20000031, 50000051, 173, 8.99);
INSERT INTO bookOrder VALUES(20000041, 50000051, 311, 9.99);
INSERT INTO bookOrder VALUES(20000074, 50000052, 466, 1.99);
INSERT INTO bookOrder VALUES(20000021, 50000052, 512, 9.99);
INSERT INTO bookOrder VALUES(20000015, 50000052, 789, 13.99);
INSERT INTO bookOrder VALUES(20000068, 50000052, 283, 9.99);
INSERT INTO bookOrder VALUES(20000060, 50000053, 230, 7.99);
INSERT INTO bookOrder VALUES(20000020, 50000054, 299, 3.99);
INSERT INTO bookOrder VALUES(20000005, 50000054, 47, 13.99);
INSERT INTO bookOrder VALUES(20000031, 50000054, 464, 8.99);
INSERT INTO bookOrder VALUES(20000034, 50000055, 237, 11.99);
INSERT INTO bookOrder VALUES(20000054, 50000056, 406, 0.99);
INSERT INTO bookOrder VALUES(20000033, 50000056, 9, 11.99);
INSERT INTO bookOrder VALUES(20000006, 50000056, 442, 1.99);
INSERT INTO bookOrder VALUES(20000053, 50000056, 442, 9.99);
INSERT INTO bookOrder VALUES(20000062, 50000056, 713, 3.99);
INSERT INTO bookOrder VALUES(20000035, 50000056, 773, 27.99);
INSERT INTO bookOrder VALUES(20000065, 50000057, 645, 9.99);
INSERT INTO bookOrder VALUES(20000040, 50000058, 291, 7.99);
INSERT INTO bookOrder VALUES(20000026, 50000058, 626, 8.99);
INSERT INTO bookOrder VALUES(20000078, 50000059, 437, 12.99);
INSERT INTO bookOrder VALUES(20000000, 50000059, 78, 9.99);
INSERT INTO bookOrder VALUES(20000050, 50000059, 627, 18.99);
INSERT INTO bookOrder VALUES(20000057, 50000060, 312, 14.99);
INSERT INTO bookOrder VALUES(20000020, 50000060, 885, 3.99);
INSERT INTO bookOrder VALUES(20000040, 50000061, 994, 7.99);
INSERT INTO bookOrder VALUES(20000064, 50000062, 775, 9.99);
INSERT INTO bookOrder VALUES(20000028, 50000062, 63, 8.99);
INSERT INTO bookOrder VALUES(20000034, 50000062, 173, 11.99);
INSERT INTO bookOrder VALUES(20000060, 50000063, 572, 7.99);
INSERT INTO bookOrder VALUES(20000030, 50000064, 452, 8.99);
INSERT INTO bookOrder VALUES(20000021, 50000064, 468, 9.99);
INSERT INTO bookOrder VALUES(20000013, 50000065, 650, 10.99);
INSERT INTO bookOrder VALUES(20000027, 50000065, 135, 7.99);
INSERT INTO bookOrder VALUES(20000015, 50000066, 461, 13.99);
INSERT INTO bookOrder VALUES(20000030, 50000066, 342, 8.99);
INSERT INTO bookOrder VALUES(20000062, 50000067, 686, 3.99);
INSERT INTO bookOrder VALUES(20000041, 50000068, 577, 9.99);
INSERT INTO bookOrder VALUES(20000064, 50000069, 408, 9.99);
INSERT INTO bookOrder VALUES(20000042, 50000070, 893, 19.99);
INSERT INTO bookOrder VALUES(20000032, 50000070, 438, 21.99);
INSERT INTO bookOrder VALUES(20000010, 50000071, 335, 9.99);
INSERT INTO bookOrder VALUES(20000064, 50000072, 848, 9.99);
INSERT INTO bookOrder VALUES(20000072, 50000072, 38, 1.99);
INSERT INTO bookOrder VALUES(20000039, 50000072, 670, 7.99);
INSERT INTO bookOrder VALUES(20000043, 50000072, 745, 9.99);
INSERT INTO bookOrder VALUES(20000044, 50000073, 446, 7.49);
INSERT INTO bookOrder VALUES(20000041, 50000074, 745, 9.99);
INSERT INTO bookOrder VALUES(20000053, 50000074, 846, 9.99);
INSERT INTO bookOrder VALUES(20000021, 50000075, 300, 9.99);
INSERT INTO bookOrder VALUES(20000033, 50000076, 657, 11.99);
INSERT INTO bookOrder VALUES(20000042, 50000076, 344, 19.99);
INSERT INTO bookOrder VALUES(20000052, 50000077, 137, 4.99);
INSERT INTO bookOrder VALUES(20000013, 50000077, 99, 10.99);
INSERT INTO bookOrder VALUES(20000062, 50000078, 625, 3.99);
INSERT INTO bookOrder VALUES(20000006, 50000078, 113, 1.99);
INSERT INTO bookOrder VALUES(20000010, 50000078, 569, 9.99);
INSERT INTO bookOrder VALUES(20000004, 50000078, 484, 13.99);
INSERT INTO bookOrder VALUES(20000060, 50000079, 348, 7.99);
INSERT INTO bookOrder VALUES(20000040, 50000080, 266, 7.99);
INSERT INTO bookOrder VALUES(20000026, 50000081, 511, 8.99);
INSERT INTO bookOrder VALUES(20000036, 50000082, 481, 8.99);
INSERT INTO bookOrder VALUES(20000045, 50000082, 927, 10.99);
INSERT INTO bookOrder VALUES(20000013, 50000082, 931, 10.99);
INSERT INTO bookOrder VALUES(20000078, 50000082, 592, 12.99);
INSERT INTO bookOrder VALUES(20000066, 50000083, 292, 9.99);
INSERT INTO bookOrder VALUES(20000026, 50000084, 190, 8.99);
INSERT INTO bookOrder VALUES(20000000, 50000085, 866, 9.99);
INSERT INTO bookOrder VALUES(20000028, 50000086, 36, 8.99);
INSERT INTO bookOrder VALUES(20000049, 50000087, 504, 19.99);
INSERT INTO bookOrder VALUES(20000038, 50000087, 297, 7.99);
INSERT INTO bookOrder VALUES(20000077, 50000088, 416, 18.99);
INSERT INTO bookOrder VALUES(20000038, 50000089, 955, 7.99);
INSERT INTO bookOrder VALUES(20000041, 50000090, 723, 9.99);
INSERT INTO bookOrder VALUES(20000034, 50000091, 427, 11.99);
INSERT INTO bookOrder VALUES(20000048, 50000091, 755, 18.99);
INSERT INTO bookOrder VALUES(20000039, 50000092, 446, 7.99);
INSERT INTO bookOrder VALUES(20000041, 50000093, 81, 9.99);
INSERT INTO bookOrder VALUES(20000063, 50000094, 23, 3.99);
INSERT INTO bookOrder VALUES(20000071, 50000094, 689, 1.99);
INSERT INTO bookOrder VALUES(20000074, 50000094, 485, 1.99);
INSERT INTO bookOrder VALUES(20000049, 50000095, 961, 19.99);
INSERT INTO bookOrder VALUES(20000029, 50000095, 688, 8.99);
INSERT INTO bookOrder VALUES(20000035, 50000096, 306, 27.99);
INSERT INTO bookOrder VALUES(20000014, 50000097, 751, 14.99);
INSERT INTO bookOrder VALUES(20000058, 50000098, 74, 13.99);
INSERT INTO bookOrder VALUES(20000023, 50000099, 440, 13.99);
INSERT INTO bookOrder VALUES(20000037, 50000099, 251, 7.99);
INSERT INTO bookOrder VALUES(20000067, 50000100, 428, 9.99);
INSERT INTO bookOrder VALUES(20000059, 50000101, 335, 8.99);
INSERT INTO bookOrder VALUES(20000035, 50000102, 652, 27.99);
INSERT INTO bookOrder VALUES(20000012, 50000102, 919, 10.99);
INSERT INTO bookOrder VALUES(20000052, 50000102, 75, 4.99);
INSERT INTO bookOrder VALUES(20000046, 50000103, 78, 15.29);
INSERT INTO bookOrder VALUES(20000056, 50000103, 832, 14.99);
INSERT INTO bookOrder VALUES(20000038, 50000104, 211, 7.99);
INSERT INTO bookOrder VALUES(20000004, 50000104, 257, 13.99);
INSERT INTO bookOrder VALUES(20000074, 50000105, 405, 1.99);
INSERT INTO bookOrder VALUES(20000051, 50000105, 236, 2.99);
INSERT INTO bookOrder VALUES(20000050, 50000105, 518, 18.99);
INSERT INTO bookOrder VALUES(20000004, 50000106, 921, 13.99);
INSERT INTO bookOrder VALUES(20000035, 50000107, 351, 27.99);
INSERT INTO bookOrder VALUES(20000004, 50000107, 349, 13.99);
INSERT INTO bookOrder VALUES(20000071, 50000108, 738, 1.99);
INSERT INTO bookOrder VALUES(20000004, 50000109, 861, 13.99);
INSERT INTO bookOrder VALUES(20000027, 50000110, 968, 7.99);
INSERT INTO bookOrder VALUES(20000075, 50000111, 965, 23.99);
INSERT INTO bookOrder VALUES(20000023, 50000111, 850, 13.99);
INSERT INTO bookOrder VALUES(20000001, 50000111, 336, 12.99);
INSERT INTO bookOrder VALUES(20000048, 50000111, 560, 18.99);
INSERT INTO bookOrder VALUES(20000019, 50000112, 536, 3.99);
INSERT INTO bookOrder VALUES(20000002, 50000112, 356, 11.99);
INSERT INTO bookOrder VALUES(20000043, 50000112, 848, 9.99);
INSERT INTO bookOrder VALUES(20000014, 50000112, 489, 14.99);
INSERT INTO bookOrder VALUES(20000040, 50000112, 88, 7.99);
INSERT INTO bookOrder VALUES(20000017, 50000113, 366, 3.99);
INSERT INTO bookOrder VALUES(20000021, 50000114, 767, 9.99);
INSERT INTO bookOrder VALUES(20000004, 50000114, 484, 13.99);
INSERT INTO bookOrder VALUES(20000061, 50000114, 43, 4.99);
INSERT INTO bookOrder VALUES(20000073, 50000115, 967, 1.99);
INSERT INTO bookOrder VALUES(20000013, 50000115, 914, 10.99);
INSERT INTO bookOrder VALUES(20000006, 50000116, 784, 1.99);
INSERT INTO bookOrder VALUES(20000047, 50000116, 2, 19.24);
INSERT INTO bookOrder VALUES(20000005, 50000116, 52, 13.99);
INSERT INTO bookOrder VALUES(20000047, 50000117, 49, 19.24);
INSERT INTO bookOrder VALUES(20000021, 50000117, 329, 9.99);
INSERT INTO bookOrder VALUES(20000002, 50000118, 271, 11.99);
INSERT INTO bookOrder VALUES(20000043, 50000118, 343, 9.99);
INSERT INTO bookOrder VALUES(20000017, 50000118, 615, 3.99);
INSERT INTO bookOrder VALUES(20000044, 50000118, 442, 7.49);
INSERT INTO bookOrder VALUES(20000068, 50000118, 427, 9.99);
INSERT INTO bookOrder VALUES(20000019, 50000119, 2, 3.99);
INSERT INTO bookOrder VALUES(20000021, 50000120, 322, 9.99);
INSERT INTO bookOrder VALUES(20000015, 50000120, 115, 13.99);
INSERT INTO bookOrder VALUES(20000050, 50000120, 652, 18.99);
INSERT INTO bookOrder VALUES(20000003, 50000120, 764, 13.99);
INSERT INTO bookOrder VALUES(20000073, 50000120, 953, 1.99);
INSERT INTO bookOrder VALUES(20000051, 50000121, 490, 2.99);
INSERT INTO bookOrder VALUES(20000060, 50000122, 113, 7.99);
INSERT INTO bookOrder VALUES(20000024, 50000122, 122, 9.99);
INSERT INTO bookOrder VALUES(20000052, 50000123, 952, 4.99);
INSERT INTO bookOrder VALUES(20000042, 50000124, 1000, 19.99);
INSERT INTO bookOrder VALUES(20000065, 50000125, 490, 9.99);
INSERT INTO bookOrder VALUES(20000025, 50000126, 135, 8.99);
INSERT INTO bookOrder VALUES(20000003, 50000126, 632, 13.99);
INSERT INTO bookOrder VALUES(20000024, 50000126, 558, 9.99);
INSERT INTO bookOrder VALUES(20000056, 50000126, 129, 14.99);
INSERT INTO bookOrder VALUES(20000044, 50000127, 480, 7.49);
INSERT INTO bookOrder VALUES(20000030, 50000127, 185, 8.99);
INSERT INTO bookOrder VALUES(20000052, 50000127, 375, 4.99);
INSERT INTO bookOrder VALUES(20000030, 50000128, 194, 8.99);
INSERT INTO bookOrder VALUES(20000062, 50000129, 104, 3.99);
INSERT INTO bookOrder VALUES(20000030, 50000130, 769, 8.99);
INSERT INTO bookOrder VALUES(20000012, 50000131, 349, 10.99);
INSERT INTO bookOrder VALUES(20000065, 50000131, 174, 9.99);
INSERT INTO bookOrder VALUES(20000023, 50000132, 497, 13.99);
INSERT INTO bookOrder VALUES(20000044, 50000133, 595, 7.49);
INSERT INTO bookOrder VALUES(20000013, 50000134, 154, 10.99);
INSERT INTO bookOrder VALUES(20000069, 50000135, 897, 9.99);
INSERT INTO bookOrder VALUES(20000013, 50000135, 968, 10.99);
INSERT INTO bookOrder VALUES(20000005, 50000135, 962, 13.99);
INSERT INTO bookOrder VALUES(20000071, 50000135, 603, 1.99);
INSERT INTO bookOrder VALUES(20000014, 50000136, 909, 14.99);
INSERT INTO bookOrder VALUES(20000005, 50000137, 873, 13.99);
INSERT INTO bookOrder VALUES(20000043, 50000137, 343, 9.99);
INSERT INTO bookOrder VALUES(20000046, 50000138, 348, 15.29);
INSERT INTO bookOrder VALUES(20000005, 50000139, 859, 13.99);
INSERT INTO bookOrder VALUES(20000051, 50000139, 52, 2.99);
INSERT INTO bookOrder VALUES(20000044, 50000140, 611, 7.49);
INSERT INTO bookOrder VALUES(20000014, 50000140, 148, 14.99);
INSERT INTO bookOrder VALUES(20000002, 50000141, 556, 11.99);
INSERT INTO bookOrder VALUES(20000073, 50000142, 234, 1.99);
INSERT INTO bookOrder VALUES(20000022, 50000143, 596, 9.99);
INSERT INTO bookOrder VALUES(20000074, 50000143, 930, 1.99);
INSERT INTO bookOrder VALUES(20000064, 50000144, 344, 9.99);
INSERT INTO bookOrder VALUES(20000061, 50000145, 607, 4.99);
INSERT INTO bookOrder VALUES(20000042, 50000146, 278, 19.99);
INSERT INTO bookOrder VALUES(20000054, 50000146, 796, 0.99);
INSERT INTO bookOrder VALUES(20000011, 50000147, 42, 10.99);
INSERT INTO bookOrder VALUES(20000000, 50000148, 367, 9.99);
INSERT INTO bookOrder VALUES(20000062, 50000148, 870, 3.99);
INSERT INTO bookOrder VALUES(20000041, 50000149, 5, 9.99);
INSERT INTO bookOrder VALUES(20000009, 50000149, 706, 0.99);
INSERT INTO bookOrder VALUES(20000055, 50000150, 942, 14.49);
INSERT INTO bookOrder VALUES(20000059, 50000151, 233, 8.99);
INSERT INTO bookOrder VALUES(20000009, 50000151, 481, 0.99);
INSERT INTO bookOrder VALUES(20000054, 50000151, 523, 0.99);
INSERT INTO bookOrder VALUES(20000068, 50000151, 267, 9.99);
INSERT INTO bookOrder VALUES(20000001, 50000151, 16, 12.99);
INSERT INTO bookOrder VALUES(20000070, 50000151, 741, 9.99);
INSERT INTO bookOrder VALUES(20000018, 50000151, 950, 3.99);
INSERT INTO bookOrder VALUES(20000024, 50000152, 706, 9.99);
INSERT INTO bookOrder VALUES(20000072, 50000152, 116, 1.99);
INSERT INTO bookOrder VALUES(20000038, 50000152, 11, 7.99);
INSERT INTO bookOrder VALUES(20000063, 50000153, 86, 3.99);
INSERT INTO bookOrder VALUES(20000076, 50000154, 693, 17.99);
INSERT INTO bookOrder VALUES(20000026, 50000155, 346, 8.99);
INSERT INTO bookOrder VALUES(20000043, 50000156, 356, 9.99);
INSERT INTO bookOrder VALUES(20000036, 50000157, 509, 8.99);
INSERT INTO bookOrder VALUES(20000026, 50000158, 866, 8.99);
INSERT INTO bookOrder VALUES(20000031, 50000158, 592, 8.99);
INSERT INTO bookOrder VALUES(20000057, 50000158, 105, 14.99);
INSERT INTO bookOrder VALUES(20000011, 50000159, 31, 10.99);
INSERT INTO bookOrder VALUES(20000065, 50000159, 230, 9.99);
INSERT INTO bookOrder VALUES(20000010, 50000159, 516, 9.99);
INSERT INTO bookOrder VALUES(20000062, 50000159, 523, 3.99);
INSERT INTO bookOrder VALUES(20000050, 50000160, 80, 18.99);
INSERT INTO bookOrder VALUES(20000038, 50000160, 257, 7.99);
INSERT INTO bookOrder VALUES(20000057, 50000160, 683, 14.99);
INSERT INTO bookOrder VALUES(20000070, 50000160, 362, 9.99);
INSERT INTO bookOrder VALUES(20000017, 50000161, 780, 3.99);
INSERT INTO bookOrder VALUES(20000003, 50000161, 460, 13.99);
INSERT INTO bookOrder VALUES(20000075, 50000161, 133, 23.99);
INSERT INTO bookOrder VALUES(20000011, 50000161, 30, 10.99);
INSERT INTO bookOrder VALUES(20000069, 50000162, 751, 9.99);
INSERT INTO bookOrder VALUES(20000046, 50000162, 850, 15.29);
INSERT INTO bookOrder VALUES(20000075, 50000163, 319, 23.99);
INSERT INTO bookOrder VALUES(20000072, 50000163, 938, 1.99);
INSERT INTO bookOrder VALUES(20000060, 50000164, 829, 7.99);
INSERT INTO bookOrder VALUES(20000002, 50000164, 839, 11.99);
INSERT INTO bookOrder VALUES(20000025, 50000165, 239, 8.99);
INSERT INTO bookOrder VALUES(20000048, 50000166, 648, 18.99);
INSERT INTO bookOrder VALUES(20000077, 50000166, 593, 18.99);
INSERT INTO bookOrder VALUES(20000076, 50000167, 531, 17.99);
INSERT INTO bookOrder VALUES(20000029, 50000167, 128, 8.99);
INSERT INTO bookOrder VALUES(20000029, 50000168, 839, 8.99);
INSERT INTO bookOrder VALUES(20000063, 50000168, 784, 3.99);
INSERT INTO bookOrder VALUES(20000021, 50000169, 59, 9.99);
INSERT INTO bookOrder VALUES(20000010, 50000169, 623, 9.99);
INSERT INTO bookOrder VALUES(20000039, 50000169, 174, 7.99);
INSERT INTO bookOrder VALUES(20000041, 50000170, 475, 9.99);
INSERT INTO bookOrder VALUES(20000040, 50000170, 381, 7.99);
INSERT INTO bookOrder VALUES(20000061, 50000171, 449, 4.99);
INSERT INTO bookOrder VALUES(20000067, 50000171, 71, 9.99);
INSERT INTO bookOrder VALUES(20000035, 50000171, 336, 27.99);
INSERT INTO bookOrder VALUES(20000035, 50000172, 600, 27.99);
INSERT INTO bookOrder VALUES(20000033, 50000172, 281, 11.99);
INSERT INTO bookOrder VALUES(20000013, 50000173, 536, 10.99);
INSERT INTO bookOrder VALUES(20000078, 50000174, 338, 12.99);
INSERT INTO bookOrder VALUES(20000010, 50000175, 8, 9.99);
INSERT INTO bookOrder VALUES(20000030, 50000175, 250, 8.99);
INSERT INTO bookOrder VALUES(20000049, 50000176, 579, 19.99);
INSERT INTO bookOrder VALUES(20000074, 50000177, 602, 1.99);
INSERT INTO bookOrder VALUES(20000023, 50000177, 850, 13.99);
INSERT INTO bookOrder VALUES(20000021, 50000177, 705, 9.99);
INSERT INTO bookOrder VALUES(20000029, 50000178, 868, 8.99);
INSERT INTO bookOrder VALUES(20000045, 50000178, 896, 10.99);
INSERT INTO bookOrder VALUES(20000058, 50000179, 934, 13.99);
INSERT INTO bookOrder VALUES(20000056, 50000179, 53, 14.99);
INSERT INTO bookOrder VALUES(20000051, 50000180, 592, 2.99);
INSERT INTO bookOrder VALUES(20000002, 50000181, 703, 11.99);
INSERT INTO bookOrder VALUES(20000010, 50000182, 377, 9.99);
INSERT INTO bookOrder VALUES(20000076, 50000182, 790, 17.99);
INSERT INTO bookOrder VALUES(20000023, 50000183, 617, 13.99);
INSERT INTO bookOrder VALUES(20000066, 50000183, 710, 9.99);
INSERT INTO bookOrder VALUES(20000025, 50000184, 289, 8.99);
INSERT INTO bookOrder VALUES(20000050, 50000185, 582, 18.99);
INSERT INTO bookOrder VALUES(20000070, 50000186, 120, 9.99);
INSERT INTO bookOrder VALUES(20000021, 50000187, 522, 9.99);
INSERT INTO bookOrder VALUES(20000011, 50000187, 560, 10.99);
INSERT INTO bookOrder VALUES(20000016, 50000188, 840, 3.99);
INSERT INTO bookOrder VALUES(20000061, 50000188, 542, 4.99);
INSERT INTO bookOrder VALUES(20000064, 50000189, 433, 9.99);
INSERT INTO bookOrder VALUES(20000059, 50000190, 93, 8.99);
INSERT INTO bookOrder VALUES(20000062, 50000191, 193, 3.99);
INSERT INTO bookOrder VALUES(20000013, 50000191, 35, 10.99);
INSERT INTO bookOrder VALUES(20000069, 50000192, 628, 9.99);
INSERT INTO bookOrder VALUES(20000016, 50000193, 756, 3.99);
INSERT INTO bookOrder VALUES(20000011, 50000194, 106, 10.99);
INSERT INTO bookOrder VALUES(20000010, 50000195, 261, 9.99);
INSERT INTO bookOrder VALUES(20000055, 50000196, 859, 14.49);
INSERT INTO bookOrder VALUES(20000050, 50000196, 890, 18.99);
INSERT INTO bookOrder VALUES(20000013, 50000197, 151, 10.99);
INSERT INTO bookOrder VALUES(20000073, 50000197, 330, 1.99);
INSERT INTO bookOrder VALUES(20000005, 50000197, 715, 13.99);
INSERT INTO bookOrder VALUES(20000075, 50000197, 823, 23.99);
INSERT INTO bookOrder VALUES(20000036, 50000197, 595, 8.99);
INSERT INTO bookOrder VALUES(20000057, 50000198, 39, 14.99);
INSERT INTO bookOrder VALUES(20000071, 50000198, 695, 1.99);
INSERT INTO bookOrder VALUES(20000012, 50000198, 448, 10.99);
INSERT INTO bookOrder VALUES(20000030, 50000198, 642, 8.99);
INSERT INTO bookOrder VALUES(20000052, 50000199, 737, 4.99);
INSERT INTO bookOrder VALUES(20000072, 50000200, 11, 1.99);
INSERT INTO bookOrder VALUES(20000044, 50000201, 107, 7.49);
INSERT INTO bookOrder VALUES(20000057, 50000202, 662, 14.99);
INSERT INTO bookOrder VALUES(20000027, 50000203, 234, 7.99);
INSERT INTO bookOrder VALUES(20000011, 50000204, 309, 10.99);
INSERT INTO bookOrder VALUES(20000027, 50000204, 909, 7.99);
INSERT INTO bookOrder VALUES(20000039, 50000204, 410, 7.99);
INSERT INTO bookOrder VALUES(20000075, 50000204, 266, 23.99);
INSERT INTO bookOrder VALUES(20000065, 50000205, 120, 9.99);
INSERT INTO bookOrder VALUES(20000046, 50000205, 15, 15.29);
INSERT INTO bookOrder VALUES(20000034, 50000206, 815, 11.99);
INSERT INTO bookOrder VALUES(20000075, 50000206, 692, 23.99);
INSERT INTO bookOrder VALUES(20000003, 50000207, 551, 13.99);
INSERT INTO bookOrder VALUES(20000071, 50000207, 92, 1.99);
INSERT INTO bookOrder VALUES(20000012, 50000208, 53, 10.99);
INSERT INTO bookOrder VALUES(20000068, 50000209, 559, 9.99);
INSERT INTO bookOrder VALUES(20000039, 50000209, 802, 7.99);
INSERT INTO bookOrder VALUES(20000043, 50000209, 908, 9.99);
INSERT INTO bookOrder VALUES(20000009, 50000210, 46, 0.99);
INSERT INTO bookOrder VALUES(20000078, 50000211, 792, 12.99);
INSERT INTO bookOrder VALUES(20000076, 50000212, 234, 17.99);
INSERT INTO bookOrder VALUES(20000030, 50000212, 229, 8.99);
INSERT INTO bookOrder VALUES(20000013, 50000213, 760, 10.99);
INSERT INTO bookOrder VALUES(20000015, 50000214, 512, 13.99);
INSERT INTO bookOrder VALUES(20000055, 50000214, 261, 14.49);
INSERT INTO bookOrder VALUES(20000045, 50000214, 889, 10.99);
INSERT INTO bookOrder VALUES(20000061, 50000214, 219, 4.99);
INSERT INTO bookOrder VALUES(20000047, 50000215, 972, 19.24);
INSERT INTO bookOrder VALUES(20000060, 50000215, 176, 7.99);
INSERT INTO bookOrder VALUES(20000071, 50000215, 812, 1.99);
INSERT INTO bookOrder VALUES(20000013, 50000215, 713, 10.99);
INSERT INTO bookOrder VALUES(20000012, 50000216, 162, 10.99);
INSERT INTO bookOrder VALUES(20000033, 50000217, 276, 11.99);
INSERT INTO bookOrder VALUES(20000000, 50000217, 498, 9.99);
INSERT INTO bookOrder VALUES(20000030, 50000218, 815, 8.99);
INSERT INTO bookOrder VALUES(20000000, 50000219, 882, 9.99);
INSERT INTO bookOrder VALUES(20000058, 50000219, 798, 13.99);
INSERT INTO bookOrder VALUES(20000011, 50000219, 185, 10.99);
INSERT INTO bookOrder VALUES(20000027, 50000220, 379, 7.99);
INSERT INTO bookOrder VALUES(20000050, 50000221, 384, 18.99);
INSERT INTO bookOrder VALUES(20000059, 50000221, 362, 8.99);
INSERT INTO bookOrder VALUES(20000034, 50000222, 320, 11.99);
INSERT INTO bookOrder VALUES(20000056, 50000223, 536, 14.99);
INSERT INTO bookOrder VALUES(20000006, 50000223, 208, 1.99);
INSERT INTO bookOrder VALUES(20000004, 50000223, 865, 13.99);
INSERT INTO bookOrder VALUES(20000015, 50000223, 333, 13.99);
INSERT INTO bookOrder VALUES(20000046, 50000224, 67, 15.29);
INSERT INTO bookOrder VALUES(20000066, 50000225, 962, 9.99);
INSERT INTO bookOrder VALUES(20000016, 50000226, 330, 3.99);
INSERT INTO bookOrder VALUES(20000049, 50000226, 807, 19.99);
INSERT INTO bookOrder VALUES(20000064, 50000226, 356, 9.99);
INSERT INTO bookOrder VALUES(20000043, 50000227, 394, 9.99);
INSERT INTO bookOrder VALUES(20000020, 50000228, 715, 3.99);
INSERT INTO bookOrder VALUES(20000033, 50000228, 97, 11.99);
INSERT INTO bookOrder VALUES(20000002, 50000228, 755, 11.99);
INSERT INTO bookOrder VALUES(20000056, 50000228, 180, 14.99);
INSERT INTO bookOrder VALUES(20000047, 50000229, 520, 19.24);
INSERT INTO bookOrder VALUES(20000049, 50000229, 577, 19.99);
INSERT INTO bookOrder VALUES(20000014, 50000229, 352, 14.99);
INSERT INTO bookOrder VALUES(20000038, 50000230, 251, 7.99);
INSERT INTO bookOrder VALUES(20000007, 50000230, 233, 0.99);
INSERT INTO bookOrder VALUES(20000044, 50000231, 332, 7.49);
INSERT INTO bookOrder VALUES(20000064, 50000231, 944, 9.99);
INSERT INTO bookOrder VALUES(20000023, 50000232, 949, 13.99);
INSERT INTO bookOrder VALUES(20000006, 50000232, 475, 1.99);
INSERT INTO bookOrder VALUES(20000008, 50000233, 982, 0.99);
INSERT INTO bookOrder VALUES(20000068, 50000233, 403, 9.99);
INSERT INTO bookOrder VALUES(20000013, 50000234, 643, 10.99);
INSERT INTO bookOrder VALUES(20000037, 50000235, 353, 7.99);
INSERT INTO bookOrder VALUES(20000057, 50000235, 807, 14.99);
INSERT INTO bookOrder VALUES(20000010, 50000235, 382, 9.99);
INSERT INTO bookOrder VALUES(20000026, 50000235, 398, 8.99);
INSERT INTO bookOrder VALUES(20000031, 50000236, 328, 8.99);
INSERT INTO bookOrder VALUES(20000011, 50000236, 129, 10.99);
INSERT INTO bookOrder VALUES(20000020, 50000237, 365, 3.99);
INSERT INTO bookOrder VALUES(20000033, 50000238, 148, 11.99);
INSERT INTO bookOrder VALUES(20000044, 50000238, 752, 7.49);
INSERT INTO bookOrder VALUES(20000030, 50000238, 213, 8.99);
INSERT INTO bookOrder VALUES(20000009, 50000239, 808, 0.99);
INSERT INTO bookOrder VALUES(20000037, 50000240, 939, 7.99);
INSERT INTO bookOrder VALUES(20000063, 50000241, 54, 3.99);
INSERT INTO bookOrder VALUES(20000006, 50000241, 374, 1.99);
INSERT INTO bookOrder VALUES(20000024, 50000242, 786, 9.99);
INSERT INTO bookOrder VALUES(20000030, 50000242, 730, 8.99);
INSERT INTO bookOrder VALUES(20000066, 50000242, 259, 9.99);
INSERT INTO bookOrder VALUES(20000042, 50000243, 771, 19.99);
INSERT INTO bookOrder VALUES(20000050, 50000243, 737, 18.99);
INSERT INTO bookOrder VALUES(20000061, 50000244, 469, 4.99);
INSERT INTO bookOrder VALUES(20000028, 50000244, 106, 8.99);
INSERT INTO bookOrder VALUES(20000050, 50000244, 2, 18.99);
INSERT INTO bookOrder VALUES(20000015, 50000244, 218, 13.99);
INSERT INTO bookOrder VALUES(20000004, 50000244, 767, 13.99);
INSERT INTO bookOrder VALUES(20000010, 50000245, 408, 9.99);
INSERT INTO bookOrder VALUES(20000026, 50000245, 953, 8.99);
INSERT INTO bookOrder VALUES(20000018, 50000245, 709, 3.99);
INSERT INTO bookOrder VALUES(20000037, 50000245, 566, 7.99);
INSERT INTO bookOrder VALUES(20000042, 50000246, 957, 19.99);
INSERT INTO bookOrder VALUES(20000076, 50000247, 819, 17.99);
INSERT INTO bookOrder VALUES(20000030, 50000247, 603, 8.99);
INSERT INTO bookOrder VALUES(20000007, 50000247, 237, 0.99);
INSERT INTO bookOrder VALUES(20000051, 50000248, 987, 2.99);
INSERT INTO bookOrder VALUES(20000055, 50000248, 870, 14.49);
INSERT INTO bookOrder VALUES(20000008, 50000249, 103, 0.99);
INSERT INTO bookOrder VALUES(20000029, 50000249, 932, 8.99);
INSERT INTO bookOrder VALUES(20000061, 50000249, 255, 4.99);
INSERT INTO bookOrder VALUES(20000070, 50000250, 872, 9.99);
INSERT INTO bookOrder VALUES(20000036, 50000250, 78, 8.99);
INSERT INTO bookOrder VALUES(20000031, 50000250, 181, 8.99);
INSERT INTO bookOrder VALUES(20000073, 50000250, 445, 1.99);
INSERT INTO bookOrder VALUES(20000072, 50000251, 712, 1.99);
INSERT INTO bookOrder VALUES(20000009, 50000251, 897, 0.99);
INSERT INTO bookOrder VALUES(20000019, 50000252, 834, 3.99);
INSERT INTO bookOrder VALUES(20000045, 50000252, 811, 10.99);
INSERT INTO bookOrder VALUES(20000004, 50000253, 453, 13.99);
INSERT INTO bookOrder VALUES(20000003, 50000253, 97, 13.99);
INSERT INTO bookOrder VALUES(20000062, 50000253, 493, 3.99);
INSERT INTO bookOrder VALUES(20000060, 50000254, 628, 7.99);
INSERT INTO bookOrder VALUES(20000031, 50000254, 91, 8.99);
INSERT INTO bookOrder VALUES(20000039, 50000254, 567, 7.99);
INSERT INTO bookOrder VALUES(20000006, 50000254, 596, 1.99);
INSERT INTO bookOrder VALUES(20000036, 50000254, 639, 8.99);
INSERT INTO bookOrder VALUES(20000002, 50000254, 113, 11.99);
INSERT INTO bookOrder VALUES(20000050, 50000255, 892, 18.99);
INSERT INTO bookOrder VALUES(20000064, 50000256, 19, 9.99);
INSERT INTO bookOrder VALUES(20000066, 50000256, 373, 9.99);
INSERT INTO bookOrder VALUES(20000022, 50000257, 513, 9.99);
INSERT INTO bookOrder VALUES(20000008, 50000258, 562, 0.99);
INSERT INTO bookOrder VALUES(20000056, 50000258, 604, 14.99);
INSERT INTO bookOrder VALUES(20000069, 50000258, 851, 9.99);
INSERT INTO bookOrder VALUES(20000047, 50000259, 575, 19.24);
INSERT INTO bookOrder VALUES(20000070, 50000260, 805, 9.99);
INSERT INTO bookOrder VALUES(20000000, 50000261, 177, 9.99);
INSERT INTO bookOrder VALUES(20000026, 50000262, 407, 8.99);
INSERT INTO bookOrder VALUES(20000023, 50000262, 221, 13.99);
INSERT INTO bookOrder VALUES(20000078, 50000262, 969, 12.99);
INSERT INTO bookOrder VALUES(20000007, 50000263, 479, 0.99);
INSERT INTO bookOrder VALUES(20000013, 50000263, 95, 10.99);
INSERT INTO bookOrder VALUES(20000006, 50000264, 798, 1.99);
INSERT INTO bookOrder VALUES(20000000, 50000265, 693, 9.99);
INSERT INTO bookOrder VALUES(20000043, 50000265, 242, 9.99);
INSERT INTO bookOrder VALUES(20000048, 50000265, 21, 18.99);
INSERT INTO bookOrder VALUES(20000074, 50000266, 308, 1.99);
INSERT INTO bookOrder VALUES(20000018, 50000266, 719, 3.99);
INSERT INTO bookOrder VALUES(20000047, 50000267, 346, 19.24);
INSERT INTO bookOrder VALUES(20000045, 50000268, 235, 10.99);
INSERT INTO bookOrder VALUES(20000078, 50000269, 890, 12.99);
INSERT INTO bookOrder VALUES(20000052, 50000270, 127, 4.99);
INSERT INTO bookOrder VALUES(20000038, 50000270, 156, 7.99);
INSERT INTO bookOrder VALUES(20000029, 50000270, 23, 8.99);
INSERT INTO bookOrder VALUES(20000068, 50000270, 563, 9.99);
INSERT INTO bookOrder VALUES(20000040, 50000271, 125, 7.99);
INSERT INTO bookOrder VALUES(20000014, 50000271, 292, 14.99);
INSERT INTO bookOrder VALUES(20000057, 50000271, 966, 14.99);
INSERT INTO bookOrder VALUES(20000017, 50000271, 149, 3.99);
INSERT INTO bookOrder VALUES(20000053, 50000272, 964, 9.99);
INSERT INTO bookOrder VALUES(20000068, 50000272, 352, 9.99);
INSERT INTO bookOrder VALUES(20000044, 50000272, 218, 7.49);
INSERT INTO bookOrder VALUES(20000062, 50000272, 169, 3.99);
INSERT INTO bookOrder VALUES(20000077, 50000273, 463, 18.99);
INSERT INTO bookOrder VALUES(20000026, 50000274, 475, 8.99);
INSERT INTO bookOrder VALUES(20000041, 50000274, 946, 9.99);
INSERT INTO bookOrder VALUES(20000064, 50000275, 190, 9.99);
INSERT INTO bookOrder VALUES(20000066, 50000276, 531, 9.99);
INSERT INTO bookOrder VALUES(20000035, 50000276, 507, 27.99);
INSERT INTO bookOrder VALUES(20000057, 50000277, 450, 14.99);
INSERT INTO bookOrder VALUES(20000028, 50000278, 960, 8.99);
INSERT INTO bookOrder VALUES(20000013, 50000278, 166, 10.99);
INSERT INTO bookOrder VALUES(20000046, 50000278, 550, 15.29);
INSERT INTO bookOrder VALUES(20000012, 50000279, 992, 10.99);
INSERT INTO bookOrder VALUES(20000041, 50000280, 8, 9.99);
INSERT INTO bookOrder VALUES(20000008, 50000280, 466, 0.99);
INSERT INTO bookOrder VALUES(20000075, 50000281, 45, 23.99);
INSERT INTO bookOrder VALUES(20000003, 50000281, 860, 13.99);
INSERT INTO bookOrder VALUES(20000036, 50000282, 873, 8.99);
INSERT INTO bookOrder VALUES(20000075, 50000283, 369, 23.99);
INSERT INTO bookOrder VALUES(20000005, 50000284, 941, 13.99);
INSERT INTO bookOrder VALUES(20000013, 50000285, 945, 10.99);
INSERT INTO bookOrder VALUES(20000012, 50000285, 643, 10.99);
INSERT INTO bookOrder VALUES(20000013, 50000286, 248, 10.99);
INSERT INTO bookOrder VALUES(20000000, 50000287, 557, 9.99);
INSERT INTO bookOrder VALUES(20000020, 50000287, 817, 3.99);
INSERT INTO bookOrder VALUES(20000071, 50000287, 550, 1.99);
INSERT INTO bookOrder VALUES(20000032, 50000288, 809, 21.99);
INSERT INTO bookOrder VALUES(20000047, 50000288, 767, 19.24);
INSERT INTO bookOrder VALUES(20000020, 50000289, 797, 3.99);
INSERT INTO bookOrder VALUES(20000054, 50000290, 593, 0.99);








